Date,Recorder,pot_no,site_frame,species,allom,weight,issue,notes
10/30/19,WLV,1,fresh_1,scam,1,0.086,0,
10/30/19,WLV,1,fresh_1,scam,2,0.106,0,
10/30/19,WLV,1,fresh_1,scam,N/A,0.274,0,
10/30/19,WLV,1,fresh_1,sppa,N/A,1.098,0,
10/30/19,WLV,2,fresh_1,scam,1,0.139,0,
10/30/19,WLV,2,fresh_1,scam,2,0.200,0,
10/30/19,WLV,2,fresh_1,scam,N/A,1.830,0,
10/30/19,WLV,3,fresh_1,scam,1,0.148,0,
10/30/19,WLV,3,fresh_1,scam,2,0.210,0,
10/30/19,WLV,3,fresh_1,scam,N/A,2.419,0,
10/30/19,WLV,4,fresh_1,scam,1,0.096,0,
10/30/19,WLV,4,fresh_1,scam,2,0.221,0,
10/30/19,WLV,4,fresh_1,scam,N/A,2.702,0,
10/30/19,WLV,5,fresh_1,scam,1,0.217,0,
10/30/19,WLV,5,fresh_1,scam,2,0.230,0,
10/30/19,WLV,5,fresh_1,scam,N/A,0.378,0,
10/30/19,WLV,6,fresh_1,scam,1,0.307,0,
10/30/19,WLV,6,fresh_1,scam,2,0.571,0,
10/30/19,WLV,6,fresh_1,scam,N/A,3.820,0,
10/30/19,WLV,7,fresh_1,scam,1,0.412,0,
10/30/19,WLV,7,fresh_1,scam,2,0.417,0,
10/30/19,WLV,7,fresh_1,scam,N/A,4.363,0,
10/30/19,WLV,8,fresh_1,scam,1,0.361,0,
10/30/19,WLV,8,fresh_1,scam,2,0.430,0,
10/30/19,WLV,8,fresh_1,scam,N/A,2.941,0,
10/30/19,WLV,8,fresh_1,sppa,N/A,1.260,0,
10/30/19,WLV,9,fresh_1,scam,1,0.374,0,
10/30/19,WLV,9,fresh_1,scam,2,0.277,0,
10/30/19,WLV,9,fresh_1,scam,N/A,5.187,0,
10/30/19,WLV,9,fresh_1,sppa,N/A,0.727,0,
10/30/19,WLV,10,fresh_1,scam,1,0.492,0,
10/30/19,WLV,10,fresh_1,scam,2,0.522,0,
10/30/19,WLV,10,fresh_1,scam,N/A,4.961,0,
10/30/19,WLV,11,fresh_1,scam,1,0.334,0,
10/30/19,WLV,11,fresh_1,scam,2,0.223,0,
10/30/19,WLV,11,fresh_1,scam,N/A,2.896,0,
10/30/19,WLV,12,fresh_1,scam,1,0.390,0,Mislabeled fresh2 or fresh3 on bag
10/30/19,WLV,12,fresh_1,scam,2,0.273,0,Mislabeled fresh2 or fresh3 on bag
10/30/19,WLV,12,fresh_1,scam,N/A,5.133,0,Mislabeled fresh2 or fresh3 on bag
10/30/19,WLV,12,fresh_1,sppa,N/A,0.512,0,Mislabeled fresh2 or fresh3 on bag
10/30/19,WLV,13,fresh_1,scam,1,0.315,0,
10/30/19,WLV,13,fresh_1,scam,2,0.201,0,
10/30/19,WLV,13,fresh_1,scam,N/A,6.412,0,
10/30/19,WLV,13,fresh_1,sppa,N/A,1.207,0,
10/30/19,WLV,14,fresh_1,scam,1,0.401,0,Mislabeled fresh2 or fresh3 on bag
10/30/19,WLV,14,fresh_1,scam,2,0.396,0,Mislabeled fresh2 or fresh3 on bag
10/30/19,WLV,14,fresh_1,scam,N/A,3.585,0,Mislabeled fresh2 or fresh3 on bag
10/30/19,WLV,15,fresh_1,scam,1,0.334,0,
10/30/19,WLV,15,fresh_1,scam,2,0.430,0,
10/30/19,WLV,15,fresh_1,scam,N/A,6.808,0,
10/30/19,WLV,16,fresh_1,scam,1,0.340,0,Mislabeled fresh2 or fresh3 on bag
10/30/19,WLV,16,fresh_1,scam,2,0.290,0,Mislabeled fresh2 or fresh3 on bag
10/30/19,WLV,16,fresh_1,scam,N/A,4.939,0,Mislabeled fresh2 or fresh3 on bag
1/7/20,WLV,17,fresh_1,scam,1,0.215,,
1/7/20,WLV,17,fresh_1,scam,2,0.284,,
1/7/20,WLV,17,fresh_1,scam,NA,3.498,,
10/30/19,WLV,18,fresh_1,scam,1,0.301,0,
10/30/19,WLV,18,fresh_1,scam,2,0.398,0,
10/30/19,WLV,18,fresh_1,scam,N/A,8.925,0,
10/30/19,WLV,18,fresh_1,sppa,N/A,0.140,0,
1/7/20,WLV,19,fresh_1,scam,1,0.125,,
1/7/20,WLV,19,fresh_1,scam,2,0.752,,
1/7/20,WLV,19,fresh_1,scam,NA,3.871,,
1/7/20,WLV,20,fresh_1,scam,1,0.370,,
1/7/20,WLV,20,fresh_1,scam,2,0.054,,
1/7/20,WLV,20,fresh_1,scam,NA,4.515,,
10/30/19,WLV,21,fresh_1,scam,1,0.562,0,Mislabeled fresh2 or fresh3 on bag
10/30/19,WLV,21,fresh_1,scam,2,0.352,0,Mislabeled fresh2 or fresh3 on bag
10/30/19,WLV,21,fresh_1,scam,N/A,4.881,0,Mislabeled fresh2 or fresh3 on bag
10/30/19,WLV,22,fresh_1,scam,1,0.099,0,
10/30/19,WLV,22,fresh_1,scam,2,0.588,0,
10/30/19,WLV,22,fresh_1,scam,N/A,3.623,0,
10/30/19,WLV,22,fresh_1,sppa,N/A,2.664,0,
10/30/19,WLV,23,fresh_1,scam,1,0.658,0,
10/30/19,WLV,23,fresh_1,scam,2,0.424,0,
10/30/19,WLV,23,fresh_1,scam,N/A,6.485,0,
10/30/19,WLV,24,fresh_1,scam,1,0.253,0,
10/30/19,WLV,24,fresh_1,scam,2,0.733,0,
10/30/19,WLV,24,fresh_1,scam,N/A,4.751,0,
10/30/19,WLV,24,fresh_1,sppa,N/A,0.656,0,
10/30/19,WLV,25,fresh_1,scam,1,0.379,0,
10/30/19,WLV,25,fresh_1,scam,2,0.203,0,
10/30/19,WLV,25,fresh_1,scam,N/A,2.992,0,
1/7/20,WLV,26,fresh_1,scam,1,0.114,,
1/7/20,WLV,26,fresh_1,scam,2,0.307,,
1/7/20,WLV,26,fresh_1,scam,NA,6.215,,
10/30/19,WLV,27,fresh_1,scam,1,0.336,0,
10/30/19,WLV,27,fresh_1,scam,2,0.301,0,
10/30/19,WLV,27,fresh_1,scam,N/A,7.871,0,
10/30/19,WLV,28,fresh_1,sppa,N/A,0.170,0,
10/30/19,WLV,29,fresh_1,sppa,N/A,0.108,0,
1/7/20,WLV,30,fresh_1,scam,1,0.381,,
1/7/20,WLV,30,fresh_1,scam,2,0.045,,
1/7/20,WLV,30,fresh_1,scam,NA,4.153,,
11/21/19,WLV,31,fresh_1,scam,1,0.283,0,
11/21/19,WLV,31,fresh_1,scam,2,0.041,0,
11/21/19,WLV,31,fresh_1,scam,N/A,7.793,0,
10/30/19,WLV,37,fresh_1,scam,1,0.475,0,
10/30/19,WLV,37,fresh_1,scam,2,0.310,0,
10/30/19,WLV,37,fresh_1,scam,N/A,1.453,0,
10/29/19,WLV,40,fresh_1,scam,1,0.245,0,
10/29/19,WLV,40,fresh_1,scam,2,0.237,0,
10/29/19,WLV,40,fresh_1,scam,N/A,1.675,0,
10/30/19,WLV,49,fresh_2,scam,1,0.422,0,
10/30/19,WLV,49,fresh_2,scam,2,0.249,0,
10/30/19,WLV,49,fresh_2,scam,N/A,0.748,0,
10/30/19,WLV,49,fresh_2,sppa,N/A,7.195,0,
10/30/19,WLV,50,fresh_2,scam,1,0.132,0,
10/30/19,WLV,50,fresh_2,scam,2,0.131,0,
10/30/19,WLV,50,fresh_2,scam,N/A,0.618,0,
10/30/19,WLV,50,fresh_2,sppa,N/A,2.068,0,
10/30/19,WLV,51,fresh_2,scam,1,0.449,0,
10/30/19,WLV,51,fresh_2,scam,2,0.364,0,
10/30/19,WLV,51,fresh_2,scam,N/A,3.213,0,
10/29/19,WLV,52,fresh_2,scam,1,0.249,0,
10/29/19,WLV,52,fresh_2,scam,2,0.177,0,
10/29/19,WLV,52,fresh_2,scam,N/A,2.344,0,Changed to N/A but labeled as allom = 1
10/29/19,WLV,53,fresh_2,scam,1,0.358,0,
10/29/19,WLV,53,fresh_2,scam,2,0.406,0,
10/29/19,WLV,53,fresh_2,scam,N/A,3.073,0,
10/29/19,WLV,54,fresh_2,scam,1,0.328,0,
10/29/19,WLV,54,fresh_2,scam,2,0.392,0,
10/29/19,WLV,54,fresh_2,scam,N/A,4.908,0,
10/29/19,WLV,55,fresh_2,scam,1,0.147,0,
10/29/19,WLV,55,fresh_2,scam,2,0.216,0,
10/29/19,WLV,55,fresh_2,scam,N/A,0.324,0,
10/29/19,WLV,55,fresh_2,sppa,N/A,4.229,0,
10/29/19,WLV,56,fresh_2,scam,1,0.364,0,
10/29/19,WLV,56,fresh_2,scam,2,0.249,0,
10/29/19,WLV,56,fresh_2,scam,N/A,3.000,0,
10/29/19,WLV,57,fresh_2,scam,1,0.345,0,
10/29/19,WLV,57,fresh_2,scam,2,0.232,0,
10/29/19,WLV,57,fresh_2,scam,N/A,3.383,0,
10/29/19,WLV,58,fresh_2,scam,1,0.216,0,
10/29/19,WLV,58,fresh_2,scam,2,0.287,0,
10/29/19,WLV,58,fresh_2,scam,N/A,1.350,0,
10/29/19,WLV,58,fresh_2,sppa,N/A,5.991,0,
10/29/19,WLV,59,fresh_2,scam,1,0.047,0,
10/29/19,WLV,59,fresh_2,scam,2,0.145,0,
10/29/19,WLV,59,fresh_2,scam,N/A,3.069,0,
10/29/19,WLV,60,fresh_2,scam,1,0.233,0,
10/29/19,WLV,60,fresh_2,scam,2,0.055,0,
10/29/19,WLV,60,fresh_2,scam,N/A,2.029,0,
10/29/19,WLV,60,fresh_2,sppa,N/A,3.957,0,
10/29/19,WLV,61,fresh_2,scam,1,0.239,0,
10/29/19,WLV,61,fresh_2,scam,2,0.583,0,
10/29/19,WLV,61,fresh_2,scam,N/A,3.379,0,
10/29/19,WLV,61,fresh_2,sppa,N/A,2.198,0,
10/29/19,WLV,62,fresh_2,scam,1,0.463,0,
10/29/19,WLV,62,fresh_2,scam,2,0.241,0,
10/29/19,WLV,62,fresh_2,scam,N/A,3.921,0,
10/29/19,WLV,63,fresh_2,scam,1,0.387,0,
10/29/19,WLV,63,fresh_2,scam,2,0.384,0,
10/29/19,WLV,63,fresh_2,scam,N/A,6.041,0,
10/29/19,WLV,64,fresh_2,scam,1,0.532,0,
10/29/19,WLV,64,fresh_2,scam,2,0.546,0,
10/29/19,WLV,64,fresh_2,scam,N/A,7.335,0,
10/29/19,WLV,65,fresh_2,scam,1,0.476,0,
10/29/19,WLV,65,fresh_2,scam,2,0.497,0,
10/29/19,WLV,65,fresh_2,scam,N/A,4.895,0,
10/29/19,WLV,66,fresh_2,scam,1,0.460,0,
10/29/19,WLV,66,fresh_2,scam,2,0.419,0,
10/29/19,WLV,66,fresh_2,scam,N/A,6.520,0,
11/21/19,WLV,67,fresh_2,scam,1,0.417,0,
11/21/19,WLV,67,fresh_2,scam,2,0.445,0,
11/21/19,WLV,67,fresh_2,scam,N/A,5.771,0,
10/29/19,WLV,68,fresh_2,scam,1,0.795,0,
10/29/19,WLV,68,fresh_2,scam,2,0.489,0,
10/29/19,WLV,68,fresh_2,scam,N/A,8.346,0,Bag ripped
10/29/19,WLV,69,fresh_2,scam,1,0.268,0,
10/29/19,WLV,69,fresh_2,scam,2,0.209,0,
10/29/19,WLV,69,fresh_2,scam,N/A,6.000,0,
10/29/19,WLV,69,fresh_2,sppa,N/A,1.517,0,
11/21/19,WLV,70,fresh_2,scam,1,0.265,0,
11/21/19,WLV,70,fresh_2,scam,2,0.352,0,
11/21/19,WLV,70,fresh_2,scam,N/A,5.143,0,
10/29/19,WLV,71,fresh_2,scam,1,0.332,0,
10/29/19,WLV,71,fresh_2,scam,2,0.438,0,
10/29/19,WLV,71,fresh_2,scam,N/A,6.732,0,
10/29/19,WLV,71,fresh_2,sppa,N/A,4.885,0,
10/30/19,WLV,71,fresh_2,scam,N/A,0.591,0,dh stem
10/30/19,WLV,71,fresh_2,scam,N/A,0.220,0,dh rhizome
1/7/20,WLV,72,fresh_2,scam,1,0.391,,
1/7/20,WLV,72,fresh_2,scam,2,0.269,,
1/7/20,WLV,72,fresh_2,scam,NA,6.174,,
11/21/19,WLV,73,fresh_2,scam,1,0.834,0,
11/21/19,WLV,73,fresh_2,scam,2,0.461,0,
11/21/19,WLV,73,fresh_2,scam,N/A,9.564,0,
10/29/19,WLV,74,fresh_2,scam,1,0.281,0,
10/29/19,WLV,74,fresh_2,scam,2,0.585,0,
10/29/19,WLV,74,fresh_2,scam,N/A,6.419,0,
11/21/19,WLV,75,fresh_2,scam,1,0.188,0,
11/21/19,WLV,75,fresh_2,scam,2,0.305,0,
11/21/19,WLV,75,fresh_2,scam,N/A,4.550,0,recorded as allom 2 but MLV changed to NA
10/29/19,WLV,76,fresh_2,scam,1,1.205,0,
10/29/19,WLV,76,fresh_2,scam,2,0.560,0,
10/29/19,WLV,76,fresh_2,scam,N/A,9.606,0,
10/29/19,WLV,76,fresh_2,sppa,N/A,0.033,0,
10/29/19,WLV,77,fresh_2,scam,1,0.558,0,
10/29/19,WLV,77,fresh_2,scam,2,0.399,0,
10/29/19,WLV,77,fresh_2,scam,N/A,14.287,0,
10/29/19,WLV,78,fresh_2,scam,1,0.495,0,
10/29/19,WLV,78,fresh_2,scam,2,0.363,0,
10/29/19,WLV,78,fresh_2,scam,N/A,5.244,0,
10/29/19,WLV,78,fresh_2,sppa,N/A,2.136,0,
10/29/19,WLV,79,fresh_2,scam,1,0.452,0,
10/29/19,WLV,79,fresh_2,scam,2,0.178,0,
10/29/19,WLV,79,fresh_2,scam,N/A,4.998,0,
1/7/20,WLV,80,fresh_2,scam,1,0.283,,
1/7/20,WLV,80,fresh_2,scam,2,0.392,,
1/7/20,WLV,80,fresh_2,scam,NA,6.375,,
10/29/19,WLV,87,fresh_2,scam,1,0.338,0,
10/29/19,WLV,87,fresh_2,scam,2,0.327,0,
10/29/19,WLV,87,fresh_2,scam,N/A,3.069,0,
10/29/19,WLV,88,fresh_2,scam,1,0.321,0,
10/29/19,WLV,88,fresh_2,scam,2,0.419,0,
10/29/19,WLV,88,fresh_2,scam,N/A,3.391,0,
10/22/19,WLV,97,fresh_3,scam,1,0.366,0,
10/22/19,WLV,97,fresh_3,scam,2,0.305,0,
10/22/19,WLV,97,fresh_3,scam,N/A,1.734,0,
10/23/19,WLV,98,fresh_3,scam,1,0.156,0,
10/23/19,WLV,98,fresh_3,scam,2,0.163,0,
10/23/19,WLV,98,fresh_3,scam,N/A,0.867,0,
10/23/19,WLV,99,fresh_3,scam,1,0.119,0,
10/23/19,WLV,99,fresh_3,scam,2,0.295,0,
10/23/19,WLV,99,fresh_3,scam,N/A,1.041,0,
10/22/19,WLV,100,fresh_3,scam,1,0.184,0,
10/22/19,WLV,100,fresh_3,scam,2,0.287,0,
10/22/19,WLV,100,fresh_3,scam,N/A,1.612,0,
10/22/19,WLV,100,fresh_3,sppa,N/A,3.704,0,
10/23/19,WLV,101,fresh_3,scam,N/A,0.010,0,
10/23/19,WLV,101,fresh_3,sppa,N/A,7.968,0,
10/22/19,WLV,102,fresh_3,scam,1,0.488,0,
10/22/19,WLV,102,fresh_3,scam,2,0.302,0,
10/22/19,WLV,102,fresh_3,scam,N/A,2.801,0,
10/22/19,WLV,103,fresh_3,scam,1,0.486,0,
10/22/19,WLV,103,fresh_3,scam,2,0.317,0,
10/22/19,WLV,103,fresh_3,scam,N/A,1.609,0,
10/23/19,WLV,104,fresh_3,scam,1,0.168,0,
10/23/19,WLV,104,fresh_3,scam,2,0.219,0,
10/23/19,WLV,104,fresh_3,scam,N/A,1.943,0,
10/23/19,WLV,104,fresh_3,sppa,N/A,2.549,0,
10/22/19,WLV,105,fresh_3,scam,1,0.225,0,
10/22/19,WLV,105,fresh_3,scam,2,0.342,0,
10/22/19,WLV,105,fresh_3,scam,N/A,0.979,0,
10/23/19,WLV,106,fresh_3,scam,1,0.316,0,
10/23/19,WLV,106,fresh_3,scam,2,0.092,0,
10/23/19,WLV,106,fresh_3,scam,N/A,0.540,0,
10/23/19,WLV,106,fresh_3,sppa,N/A,6.311,0,
10/22/19,WLV,107,fresh_3,scam,1,0.287,0,
10/22/19,WLV,107,fresh_3,scam,2,0.199,0,
10/22/19,WLV,107,fresh_3,scam,N/A,3.689,0,
10/22/19,WLV,109,fresh_3,scam,1,0.381,0,
10/22/19,WLV,109,fresh_3,scam,2,0.353,0,
10/22/19,WLV,109,fresh_3,scam,N/A,3.246,0,
10/22/19,WLV,109,fresh_3,sppa,N/A,5.120,0,
10/22/19,WLV,110,fresh_3,scam,1,0.295,0,
10/22/19,WLV,110,fresh_3,scam,2,0.264,0,
10/22/19,WLV,110,fresh_3,scam,N/A,5.727,0,
10/23/19,WLV,111,fresh_3,scam,1,0.170,0,
10/23/19,WLV,111,fresh_3,scam,2,0.658,0,
10/23/19,WLV,111,fresh_3,scam,N/A,3.927,0,
10/23/19,WLV,111,fresh_3,sppa,N/A,2.512,0,
10/23/19,WLV,112,fresh_3,scam,1,0.190,0,
10/23/19,WLV,112,fresh_3,scam,2,0.205,0,
10/23/19,WLV,112,fresh_3,scam,N/A,3.641,0,
10/23/19,WLV,113,fresh_3,scam,1,0.763,0,
10/23/19,WLV,113,fresh_3,scam,2,0.320,0,
10/23/19,WLV,113,fresh_3,scam,N/A,6.468,0,Hole In Bag
10/22/19,WLV,114,fresh_3,scam,1,0.303,0,
10/22/19,WLV,114,fresh_3,scam,2,0.415,0,
10/22/19,WLV,114,fresh_3,scam,N/A,0.413,0,dh rhizome
10/22/19,WLV,114,fresh_3,scam,N/A,6.167,0,
10/22/19,WLV,114,fresh_3,sppa,N/A,2.162,0,
11/21/19,WLV,115,fresh_3,scam,1,0.722,0,
11/21/19,WLV,115,fresh_3,scam,2,0.643,0,
11/21/19,WLV,115,fresh_3,scam,N/A,10.098,0,
1/7/20,WLV,116,fresh_2,scam,1,0.549,,"written as fresh_6, but ID lines up with fresh_2"
1/7/20,WLV,116,fresh_2,scam,2,0.470,,"written as fresh_6, but ID lines up with fresh_2"
1/7/20,WLV,116,fresh_2,scam,NA,12.401,,"written as fresh_6, but ID lines up with fresh_2"
1/7/20,WLV,116,fresh_2,scam,NA,0.056,,"written as fresh_6, but ID lines up with fresh_2; dh rhizome"
10/22/19,WLV,117,fresh_3,scam,1,0.529,0,
10/22/19,WLV,117,fresh_3,scam,2,0.599,0,
10/22/19,WLV,117,fresh_3,scam,N/A,8.561,0,
10/22/19,WLV,118,fresh_3,scam,1,0.392,0,
10/22/19,WLV,118,fresh_3,scam,2,0.544,0,
10/22/19,WLV,118,fresh_3,scam,N/A,6.246,0,
10/22/19,WLV,118,fresh_3,sppa,N/A,1.349,0,
10/23/19,WLV,119,fresh_3,scam,1,0.577,0,
10/23/19,WLV,119,fresh_3,scam,2,0.708,0,
10/23/19,WLV,119,fresh_3,scam,N/A,5.377,0,
10/23/19,WLV,119,fresh_3,sppa,N/A,0.307,0,
1/7/20,WLV,120,fresh_3,scam,1,0.291,,
1/7/20,WLV,120,fresh_3,scam,2,0.173,,
1/7/20,WLV,120,fresh_3,scam,NA,7.450,,
1/7/20,WLV,121,fresh_3,scam,1,0.119,,
1/7/20,WLV,121,fresh_3,scam,2,0.473,,
1/7/20,WLV,121,fresh_3,scam,NA,1.212,,
10/22/19,WLV,122,fresh_3,scam,1,0.612,0,
10/22/19,WLV,122,fresh_3,scam,2,0.609,0,
10/22/19,WLV,122,fresh_3,scam,N/A,8.918,0,
10/22/19,WLV,122,fresh_3,sppa,N/A,0.196,0,
1/7/20,WLV,124,fresh_3,scam,1,0.556,,
1/7/20,WLV,124,fresh_3,scam,2,0.421,,
1/7/20,WLV,124,fresh_3,scam,NA,9.051,,
10/23/19,WLV,125,fresh_3,scam,1,0.540,0,
10/23/19,WLV,125,fresh_3,scam,2,0.187,0,
10/23/19,WLV,125,fresh_3,scam,N/A,4.285,0,
1/7/20,WLV,126,fresh_3,scam,1,0.450,,
1/7/20,WLV,126,fresh_3,scam,2,0.652,,
1/7/20,WLV,126,fresh_3,scam,NA,7.376,,
10/22/19,WLV,128,fresh_3,scam,1,0.018,0,
10/22/19,WLV,128,fresh_3,scam,2,0.009,0,
10/23/19,WLV,129,fresh_3,scam,1,0.665,0,
10/23/19,WLV,129,fresh_3,scam,2,0.527,0,
10/23/19,WLV,129,fresh_3,scam,N/A,2.040,0,
10/22/19,WLV,132,fresh_3,scam,1,0.262,0,
10/22/19,WLV,132,fresh_3,scam,2,0.126,0,
10/22/19,WLV,132,fresh_3,scam,N/A,3.579,0,
10/23/19,WLV,133,fresh_3,scam,1,0.098,0,
10/23/19,WLV,133,fresh_3,scam,2,0.201,0,
10/23/19,WLV,133,fresh_3,scam,N/A,1.402,0,
10/22/19,WLV,145,fresh_4,scam,1,0.454,0,
10/23/19,WLV,145,fresh_4,scam,2,0.352,0,
10/24/19,WLV,145,fresh_4,scam,N/A,1.831,0,
10/23/19,WLV,146,fresh_4,scam,1,0.359,0,
10/23/19,WLV,146,fresh_4,scam,2,0.350,0,
10/23/19,WLV,146,fresh_4,scam,N/A,4.570,0,
10/22/19,WLV,147,fresh_4,scam,1,0.137,0,
10/22/19,WLV,147,fresh_4,scam,2,0.274,0,
10/22/19,WLV,147,fresh_4,scam,N/A,2.116,0,
10/23/19,WLV,148,fresh_4,scam,1,0.310,0,
10/23/19,WLV,148,fresh_4,scam,2,0.387,0,
10/23/19,WLV,148,fresh_4,scam,N/A,2.663,0,
10/23/19,WLV,148,fresh_4,sppa,N/A,0.256,0,
10/22/19,WLV,149,fresh_4,scam,1,0.569,0,
10/22/19,WLV,149,fresh_4,scam,2,0.561,0,
10/22/19,WLV,149,fresh_4,scam,N/A,2.349,0,
10/22/19,WLV,150,fresh_4,scam,1,0.419,0,
10/22/19,WLV,150,fresh_4,scam,2,0.199,0,
10/22/19,WLV,150,fresh_4,scam,N/A,3.030,0,
10/22/19,WLV,151,fresh_4,scam,1,0.196,0,
10/22/19,WLV,151,fresh_4,scam,2,0.141,0,
10/22/19,WLV,151,fresh_4,scam,N/A,0.226,0,dh rhizome
10/22/19,WLV,151,fresh_4,scam,N/A,0.944,0,
10/22/19,WLV,151,fresh_4,sppa,N/A,7.088,0,
10/23/19,WLV,152,fresh_4,scam,N/A,0.035,0,
10/23/19,WLV,152,fresh_4,sppa,N/A,5.189,0,
10/23/19,WLV,153,fresh_4,scam,1,0.270,0,
10/23/19,WLV,153,fresh_4,scam,2,0.292,0,
10/23/19,WLV,153,fresh_4,scam,N/A,3.233,0,
10/23/19,WLV,153,fresh_4,sppa,N/A,1.996,0,
10/22/19,WLV,154,fresh_4,scam,1,0.257,0,
10/22/19,WLV,154,fresh_4,scam,2,0.681,0,
10/22/19,WLV,154,fresh_4,scam,N/A,4.002,0,
10/22/19,WLV,155,fresh_4,scam,1,0.538,0,
10/22/19,WLV,155,fresh_4,scam,2,0.567,0,
10/22/19,WLV,155,fresh_4,scam,N/A,5.482,0,
10/22/19,WLV,156,fresh_4,scam,1,0.475,0,
10/22/19,WLV,156,fresh_4,scam,2,0.686,0,
10/22/19,WLV,156,fresh_4,scam,N/A,5.706,0,
10/22/19,WLV,157,fresh_4,scam,1,0.337,0,
10/22/19,WLV,157,fresh_4,scam,2,0.351,0,
10/22/19,WLV,157,fresh_4,scam,N/A,5.202,0,
10/23/19,WLV,158,fresh_4,scam,1,0.296,0,
10/23/19,WLV,158,fresh_4,scam,2,0.432,0,
10/23/19,WLV,158,fresh_4,scam,N/A,5.840,0,
10/22/19,WLV,159,fresh_4,scam,1,0.123,0,
10/22/19,WLV,159,fresh_4,scam,2,0.248,0,
10/22/19,WLV,159,fresh_4,scam,N/A,0.169,0,dh rhizome
10/22/19,WLV,159,fresh_4,scam,N/A,5.235,0,
10/22/19,WLV,159,fresh_4,sppa,N/A,1.024,0,
10/23/19,WLV,160,fresh_4,sppa,N/A,4.802,0,
10/23/19,WLV,161,fresh_4,scam,1,0.519,0,
10/23/19,WLV,161,fresh_4,scam,2,0.124,0,
10/23/19,WLV,161,fresh_4,scam,N/A,1.734,0,
10/22/19,WLV,162,fresh_4,scam,1,0.063,0,
10/22/19,WLV,162,fresh_4,scam,2,0.427,0,
10/22/19,WLV,162,fresh_4,scam,N/A,9.603,0,
10/22/19,WLV,162,fresh_4,sppa,N/A,1.361,0,
10/22/19,WLV,163,fresh_4,scam,1,0.382,0,
10/22/19,WLV,163,fresh_4,scam,2,0.310,0,
10/22/19,WLV,163,fresh_4,scam,N/A,7.953,0,
1/7/20,WLV,164,fresh_4,scam,1,0.475,,
1/7/20,WLV,164,fresh_4,scam,2,0.944,,
1/7/20,WLV,164,fresh_4,scam,NA,3.783,,
1/7/20,WLV,165,fresh_4,scam,1,0.358,,
1/7/20,WLV,165,fresh_4,scam,2,0.449,,
1/7/20,WLV,165,fresh_5,scam,NA,9.958,,
1/7/20,WLV,165,fresh_4,scam,NA,3.221,,stems from BG tissues; harvested for retaining genotype
10/22/19,WLV,166,fresh_4,scam,1,0.358,0,without flaked mud
10/22/19,WLV,166,fresh_4,scam,2,0.380,0,
10/22/19,WLV,166,fresh_4,scam,N/A,5.035,0,
10/22/19,WLV,166,fresh_4,sppa,N/A,0.400,0,
10/23/19,WLV,167,fresh_4,scam,1,0.237,0,
10/23/19,WLV,167,fresh_4,scam,2,0.090,0,
10/23/19,WLV,167,fresh_4,scam,N/A,0.582,0,
10/22/19,WLV,168,fresh_4,scam,1,0.365,0,
10/22/19,WLV,168,fresh_4,scam,2,0.247,0,
10/22/19,WLV,168,fresh_4,scam,N/A,5.921,0,
10/22/19,WLV,168,fresh_4,sppa,N/A,0.093,0,
10/22/19,WLV,169,fresh_4,scam,1,0.387,0,
10/22/19,WLV,169,fresh_4,scam,2,0.409,0,
10/22/19,WLV,169,fresh_4,scam,N/A,3.274,0,
1/7/20,WLV,170,fresh_4,scam,1,0.274,,
1/7/20,WLV,170,fresh_4,scam,2,0.048,,
1/7/20,WLV,170,fresh_4,scam,NA,3.462,,
10/23/19,WLV,171,fresh_4,scam,1,0.641,0,
10/23/19,WLV,171,fresh_4,scam,2,0.234,0,
10/23/19,WLV,171,fresh_4,scam,N/A,4.480,0,
10/23/19,WLV,172,fresh_4,scam,1,0.568,0,
10/23/19,WLV,172,fresh_4,scam,2,0.290,0,
10/23/19,WLV,172,fresh_4,scam,N/A,9.934,0,
10/22/19,WLV,173,fresh_4,scam,1,0.152,0,
10/22/19,WLV,173,fresh_4,scam,2,0.346,0,
10/22/19,WLV,173,fresh_4,scam,N/A,6.640,0,
10/22/19,WLV,173,fresh_4,sppa,N/A,0.071,0,
1/7/20,WLV,174,fresh_4,scam,1,0.595,,
1/7/20,WLV,174,fresh_4,scam,2,0.297,,
1/7/20,WLV,174,fresh_4,scam,NA,9.270,,
11/14/19,WLV,175,fresh_4,scam,1,0.255,0,
11/14/19,WLV,175,fresh_4,scam,2,0.286,0,
11/14/19,WLV,175,fresh_4,scam,N/A,3.900,0,
11/14/19,WLV,175,fresh_4,sppa,N/A,0.356,0,
1/7/20,WLV,176,fresh_4,scam,1,0.125,,
1/7/20,WLV,176,fresh_4,scam,2,0.684,,
1/7/20,WLV,176,fresh_4,scam,NA,9.399,,
1/7/20,WLV,176,fresh_4,scam,NA,1.899,,stems from BG tissue; harvested for retaining genotype
11/14/19,WLV,183,fresh_4,scam,1,0.219,0,
11/14/19,WLV,183,fresh_4,scam,2,0.330,0,
11/14/19,WLV,183,fresh_4,scam,N/A,1.020,0,
11/14/19,WLV,193,fresh_5,scam,1,0.173,0,
11/14/19,WLV,193,fresh_5,scam,2,0.074,0,
11/14/19,WLV,193,fresh_5,scam,N/A,0.411,0,
11/14/19,WLV,193,fresh_5,sppa,N/A,4.516,0,
11/14/19,WLV,194,fresh_5,scam,1,0.297,0,
11/14/19,WLV,194,fresh_5,scam,2,0.146,0,
11/14/19,WLV,194,fresh_5,scam,N/A,2.852,0,
11/14/19,WLV,195,fresh_5,scam,1,0.356,0,
11/14/19,WLV,195,fresh_5,scam,2,0.273,0,
11/14/19,WLV,195,fresh_5,scam,N/A,2.738,0,
11/14/19,WLV,196,fresh_5,scam,1,0.235,0,
11/14/19,WLV,196,fresh_5,scam,2,0.474,0,
11/14/19,WLV,196,fresh_5,scam,N/A,1.288,0,
11/14/19,WLV,197,fresh_5,scam,1,0.613,0,
11/14/19,WLV,197,fresh_5,scam,2,0.358,0,
11/14/19,WLV,197,fresh_5,scam,N/A,4.485,0,
11/14/19,WLV,198,fresh_5,scam,1,0.352,0,
11/14/19,WLV,198,fresh_5,scam,2,0.414,0,
11/14/19,WLV,198,fresh_5,scam,N/A,1.833,0,
11/14/19,WLV,198,fresh_5,sppa,N/A,4.006,0,
11/14/19,WLV,199,fresh_5,scam,1,0.147,0,
11/14/19,WLV,199,fresh_5,scam,2,0.088,0,
11/14/19,WLV,199,fresh_5,scam,N/A,3.182,0,
11/14/19,WLV,199,fresh_5,sppa,N/A,4.650,0,
11/14/19,WLV,200,fresh_5,scam,1,0.128,0,
11/14/19,WLV,200,fresh_5,scam,2,0.128,0,
11/14/19,WLV,200,fresh_5,scam,N/A,2.121,0,
11/14/19,WLV,201,fresh_5,scam,1,0.386,0,
11/14/19,WLV,201,fresh_5,scam,2,0.493,0,
11/14/19,WLV,201,fresh_5,scam,N/A,5.217,0,
11/14/19,WLV,203,fresh_5,scam,1,0.231,0,
11/14/19,WLV,203,fresh_5,scam,2,0.177,0,
11/14/19,WLV,203,fresh_5,scam,N/A,5.618,0,
11/14/19,WLV,204,fresh_5,scam,1,0.329,0,
11/14/19,WLV,204,fresh_5,scam,2,0.285,0,
11/14/19,WLV,204,fresh_5,scam,N/A,4.513,0,
11/14/19,WLV,205,fresh_5,scam,1,0.274,0,
11/14/19,WLV,205,fresh_5,scam,2,0.408,0,
11/14/19,WLV,205,fresh_5,scam,N/A,6.605,0,
11/14/19,WLV,206,fresh_5,scam,1,0.236,0,
11/14/19,WLV,206,fresh_5,scam,2,0.202,0,
11/14/19,WLV,206,fresh_5,scam,N/A,4.471,0,
11/14/19,WLV,206,fresh_5,sppa,N/A,3.223,0,
11/14/19,WLV,207,fresh_5,scam,1,0.304,0,
11/14/19,WLV,207,fresh_5,scam,2,0.259,0,
11/14/19,WLV,207,fresh_5,scam,N/A,5.632,0,
11/14/19,WLV,207,fresh_5,sppa,N/A,2.721,0,
11/14/19,WLV,208,fresh_5,scam,1,0.362,0,
11/14/19,WLV,208,fresh_5,scam,2,0.293,0,
11/14/19,WLV,208,fresh_5,scam,N/A,10.010,0,
11/14/19,WLV,209,fresh_5,scam,1,0.147,0,
11/14/19,WLV,209,fresh_5,scam,2,0.443,0,
11/14/19,WLV,209,fresh_5,scam,N/A,2.278,0,
11/14/19,WLV,209,fresh_5,sppa,N/A,2.350,0,
11/21/19,WLV,210,fresh_5,scam,1,0.555,0,
11/21/19,WLV,210,fresh_5,scam,2,0.084,0,
11/21/19,WLV,210,fresh_5,scam,N/A,11.384,0,
11/14/2019,WLV,211,fresh_5,scam,1,0.321,0,
11/14/2019,WLV,211,fresh_5,scam,2,0.483,0,
11/14/2019,WLV,211,fresh_5,scam,N/A,4.820,0,
11/14/2019,WLV,211,fresh_5,scam,N/A,0.020,0,dh rhizome
11/14/2019,WLV,212,fresh_5,scam,1,0.311,0,
11/14/2019,WLV,212,fresh_5,scam,2,0.936,0,"species not noted on bag, but allom so MLV put SCAM"
11/14/2019,WLV,212,fresh_5,scam,N/A,6.642,0,
10/23/19,WLV,213,fresh_5,scam,1,0.151,0,
10/23/19,WLV,213,fresh_5,scam,2,0.156,0,
10/23/19,WLV,213,fresh_5,scam,N/A,3.368,0,
10/23/19,WLV,213,fresh_5,sppa,N/A,2.126,0,
11/21/19,WLV,214,fresh_5,scam,1,0.040,0,
11/21/19,WLV,214,fresh_5,scam,2,0.111,0,
11/21/19,WLV,214,fresh_5,scam,N/A,7.815,0,
11/14/2019,WLV,215,fresh_5,scam,N/A,0.068,0,
11/14/2019,WLV,215,fresh_5,sppa,N/A,7.307,0,
1/7/20,WLV,216,fresh_5,scam,1,0.227,,
1/7/20,WLV,216,fresh_5,scam,2,0.211,,
1/7/20,WLV,216,fresh_5,scam,NA,7.995,,
11/14/2019,WLV,217,fresh_5,scam,1,0.881,0,
11/14/2019,WLV,217,fresh_5,scam,2,1.578,0,
11/14/2019,WLV,217,fresh_5,scam,N/A,4.836,0,
11/14/2019,WLV,218,fresh_5,scam,1,0.525,0,
11/14/2019,WLV,218,fresh_5,scam,2,0.845,0,
11/14/2019,WLV,218,fresh_5,scam,N/A,11.802,0,
11/14/2019,WLV,219,fresh_5,scam,1,0.359,0,
11/14/2019,WLV,219,fresh_5,scam,2,0.330,0,
11/14/2019,WLV,219,fresh_5,scam,N/A,7.436,0,
11/14/2019,WLV,219,fresh_5,sppa,N/A,0.096,0,
1/7/20,WLV,221,fresh_5,scam,1,0.477,,
1/7/20,WLV,221,fresh_5,scam,2,0.232,,
1/7/20,WLV,221,fresh_5,scam,NA,0.879,,
11/21/19,WLV,222,fresh_5,scam,1,0.803,0,
11/21/19,WLV,222,fresh_5,scam,2,0.302,0,
11/21/19,WLV,222,fresh_5,scam,N/A,12.437,0,
11/14/2019,WLV,223,fresh_5,scam,1,0.655,0,
11/14/2019,WLV,223,fresh_5,scam,2,0.590,0,
11/14/2019,WLV,223,fresh_5,scam,N/A,7.770,0,
11/14/2019,WLV,228,fresh_5,scam,1,0.152,0,
11/14/2019,WLV,228,fresh_5,scam,2,0.572,0,
11/14/2019,WLV,228,fresh_5,scam,N/A,1.723,0,
11/14/2019,WLV,229,fresh_5,scam,1,0.379,0,
11/14/2019,WLV,229,fresh_5,scam,2,0.549,0,
11/14/2019,WLV,229,fresh_5,scam,N/A,5.338,0,
11/14/2019,WLV,241,fresh_6,scam,1,0.388,0,
11/14/2019,WLV,241,fresh_6,scam,2,0.386,0,
11/14/2019,WLV,241,fresh_6,scam,N/A,2.219,0,
10/22/19,WLV,242,fresh_6,scam,N/A,0.281,0,
11/14/2019,WLV,242,fresh_6,sppa,N/A,9.856,0,
12/16/19,WLV,243,fresh_6,scam,1,0.170,,
12/16/19,WLV,243,fresh_6,scam,2,0.494,,
12/16/19,WLV,243,fresh_6,scam,N/A,4.250,,
11/5/19,WLV,244,fresh_6,scam,1,0.060,0,
11/5/19,WLV,244,fresh_6,scam,2,0.220,0,
11/5/19,WLV,244,fresh_6,scam,N/A,2.654,0,
11/5/19,WLV,244,fresh_6,sppa,N/A,5.242,0,
12/16/19,WLV,245,fresh_6,scam,1,0.038,,
12/16/19,WLV,245,fresh_6,scam,2,0.116,,
12/16/19,WLV,245,fresh_6,scam,N/A,2.089,,
12/16/19,WLV,245,fresh_6,sppa,N/A,4.345,,
11/5/19,WLV,246,fresh_6,scam,1,0.287,0,
11/5/19,WLV,246,fresh_6,scam,2,0.385,0,
11/5/19,WLV,246,fresh_6,scam,N/A,3.226,0,
11/5/19,WLV,247,fresh_6,scam,1,0.537,0,
11/5/19,WLV,247,fresh_6,scam,2,0.251,0,
11/5/19,WLV,247,fresh_6,scam,N/A,5.776,0,
12/16/19,WLV,249,fresh_6,scam,1,0.163,,
12/16/19,WLV,249,fresh_6,scam,2,0.169,,
12/16/19,WLV,249,fresh_6,scam,NA,4.270,,
12/16/19,WLV,249,fresh_6,scam,NA,0.048,,dh rhizome
11/5/19,WLV,250,fresh_6,scam,1,0.367,0,
11/5/19,WLV,250,fresh_6,scam,2,0.093,0,
11/5/19,WLV,250,fresh_6,scam,N/A,4.720,0,
12/16/19,WLV,251,fresh_6,scam,1,0.220,,
12/16/19,WLV,251,fresh_6,scam,2,0.312,,
12/16/19,WLV,251,fresh_6,scam,N/A,6.024,,
12/16/19,WLV,251,fresh_6,sppa,N/A,0.391,,
11/5/19,WLV,252,fresh_6,scam,1,0.333,0,
11/5/19,WLV,252,fresh_6,scam,2,0.348,0,
11/5/19,WLV,252,fresh_6,scam,N/A,0.150,0,dh rhizome
11/5/19,WLV,252,fresh_6,scam,N/A,4.206,0,
11/5/19,WLV,253,fresh_6,scam,1,0.223,1,Duplicate Bag; marked as 268 but MLV thinks should be 253
11/5/19,WLV,253,fresh_6,scam,2,0.288,1,Duplicate Bag; marked as 268 but MLV thinks should be 253
11/5/19,WLV,253,fresh_6,scam,N/A,3.984,0,
12/16/19,WLV,254,fresh_6,scam,1,0.114,,
12/16/19,WLV,254,fresh_6,scam,2,0.155,,
12/16/19,WLV,254,fresh_6,scam,N/A,1.539,,
12/16/19,WLV,254,fresh_6,sppa,N/A,7.741,,
11/5/19,WLV,255,fresh_6,scam,1,0.460,0,
11/5/19,WLV,255,fresh_6,scam,2,0.288,0,
11/5/19,WLV,255,fresh_6,scam,N/A,6.660,0,
11/5/19,WLV,256,fresh_6,scam,1,0.190,0,
11/5/19,WLV,256,fresh_6,scam,2,0.150,0,
11/5/19,WLV,256,fresh_6,scam,N/A,4.765,0,
11/5/19,WLV,256,fresh_6,sppa,N/A,2.809,0,
11/5/19,WLV,257,fresh_6,scam,1,0.110,0,
11/5/19,WLV,257,fresh_6,scam,2,0.672,0,
11/5/19,WLV,257,fresh_6,scam,N/A,8.639,0,
12/16/19,WLV,258,fresh_6,scam,1,0.474,,
12/16/19,WLV,258,fresh_6,scam,2,0.259,,
12/16/19,WLV,258,fresh_6,scam,N/A,9.723,,
12/16/19,WLV,258,fresh_6,sppa,N/A,0.816,,
11/5/19,WLV,259,fresh_6,scam,1,0.223,0,
11/5/19,WLV,259,fresh_6,scam,2,0.564,0,
11/5/19,WLV,259,fresh_6,scam,N/A,6.593,0,
1/7/20,WLV,260,fresh_6,scam,1,0.680,,
1/7/20,WLV,260,fresh_6,scam,2,0.811,,
1/7/20,WLV,260,fresh_6,scam,NA,8.711,,double bagged with no label; missing NA bag for scam for 260 so labeled by deduction
11/5/19,WLV,261,fresh_6,scam,1,0.449,0,
11/5/19,WLV,261,fresh_6,scam,2,0.227,0,
11/5/19,WLV,261,fresh_6,scam,N/A,9.743,0,
11/5/19,WLV,261,fresh_6,sppa,N/A,2.185,0,
11/21/19,WLV,263,fresh_6,scam,1,0.369,0,
11/21/19,WLV,263,fresh_6,scam,2,0.057,0,
11/21/19,WLV,263,fresh_6,scam,N/A,8.836,0,
11/5/19,WLV,264,fresh_6,scam,1,0.133,0,
11/5/19,WLV,264,fresh_6,scam,2,0.185,0,
11/5/19,WLV,264,fresh_6,sppa,N/A,2.836,0,
11/6/19,WLV,264,fresh_6,scam,N/A,3.324,0,
11/5/19,WLV,268,fresh_6,scam,1,0.403,1,Duplicate Bag; marked as 268 and MLV thinks this is correct
11/5/19,WLV,268,fresh_6,scam,2,0.145,1,Duplicate Bag; marked as 268 and MLV thinks this is correct
11/5/19,WLV,268,fresh_6,scam,N/A,5.426,0,
11/5/19,WLV,268,fresh_6,sppa,N/A,0.013,0,
1/7/20,WLV,269,fresh_6,scam,1,0.425,,
1/7/20,WLV,269,fresh_6,scam,2,0.155,,
1/7/20,WLV,269,fresh_6,scam,NA,4.142,,
11/5/19,WLV,270,fresh_6,scam,1,0.169,0,
11/5/19,WLV,270,fresh_6,scam,2,0.126,0,
11/5/19,WLV,270,fresh_6,scam,N/A,4.481,0,
11/5/19,WLV,270,fresh_6,sppa,N/A,0.088,0,
12/16/19,WLV,272,fresh_6,scam,NA,8.231,0,
12/16/19,WLV,289,fresh_7,scam,1,0.378,,
12/16/19,WLV,289,fresh_7,scam,2,0.383,,
12/16/19,WLV,289,fresh_7,scam,NA,2.601,,
11/5/19,WLV,290,fresh_7,scam,1,0.206,0,
11/5/19,WLV,290,fresh_7,scam,2,0.370,0,
11/5/19,WLV,290,fresh_7,scam,N/A,3.512,0,
11/5/19,WLV,290,fresh_7,sppa,N/A,0.054,0,
11/5/19,WLV,291,fresh_7,scam,1,0.175,0,Missing Date on Label
11/5/19,WLV,291,fresh_7,scam,2,0.121,0,Missing Date on Label
11/5/19,WLV,291,fresh_7,scam,N/A,3.096,0,Missing Info on Label
11/5/19,WLV,291,fresh_7,sppa,N/A,0.374,0,
11/5/19,WLV,292,fresh_7,scam,1,0.448,0,
11/5/19,WLV,292,fresh_7,scam,2,0.154,0,
11/5/19,WLV,292,fresh_7,scam,N/A,2.029,0,
11/5/19,WLV,292,fresh_7,sppa,N/A,4.459,0,
11/5/19,WLV,293,fresh_7,scam,1,0.325,0,
11/5/19,WLV,293,fresh_7,scam,2,0.447,0,
11/5/19,WLV,293,fresh_7,scam,N/A,3.764,0,
11/5/19,WLV,294,fresh_7,scam,1,0.305,0,
11/5/19,WLV,294,fresh_7,scam,2,0.246,0,
11/5/19,WLV,294,fresh_7,scam,N/A,0.029,0,dh rhizome
11/5/19,WLV,294,fresh_7,scam,N/A,2.540,0,
11/5/19,WLV,295,fresh_7,scam,1,0.233,0,
11/5/19,WLV,295,fresh_7,scam,2,0.039,0,
11/5/19,WLV,295,fresh_7,scam,N/A,1.831,0,
12/16/19,WLV,296,fresh_7,scam,1,0.250,,
12/16/19,WLV,296,fresh_7,scam,2,0.083,,
12/16/19,WLV,296,fresh_7,scam,NA,2.482,,
11/5/19,WLV,297,fresh_7,scam,1,0.330,0,
11/5/19,WLV,297,fresh_7,scam,2,0.485,0,
11/5/19,WLV,297,fresh_7,scam,N/A,6.502,0,
11/5/19,WLV,297,fresh_7,sppa,N/A,2.599,0,
12/16/19,WLV,298,fresh_7,scam,1,0.365,,
12/16/19,WLV,298,fresh_7,scam,2,0.262,,
12/16/19,WLV,298,fresh_7,scam,NA,4.657,,
12/16/19,WLV,298,fresh_7,sppa,NA,0.060,,
11/5/19,WLV,299,fresh_7,scam,1,0.380,0,
11/5/19,WLV,299,fresh_7,scam,2,0.330,0,
11/5/19,WLV,299,fresh_7,scam,N/A,5.499,0,
12/16/19,WLV,300,fresh_7,scam,1,0.245,,
12/16/19,WLV,300,fresh_7,scam,2,0.224,,
12/16/19,WLV,300,fresh_7,scam,NA,3.869,,
11/5/19,WLV,301,fresh_7,scam,1,0.331,0,
11/5/19,WLV,301,fresh_7,scam,2,0.312,0,
11/5/19,WLV,301,fresh_7,scam,N/A,4.349,0,
11/5/19,WLV,301,fresh_7,sppa,N/A,1.047,0,
12/16/19,WLV,302,fresh_7,scam,1,0.268,,
12/16/19,WLV,302,fresh_7,scam,2,0.396,,
12/16/19,WLV,302,fresh_7,scam,NA,6.244,,
12/16/19,WLV,302,fresh_7,scam,NA,0.097,,dh rhizome
12/16/19,WLV,303,fresh_7,scam,1,0.412,,
12/16/19,WLV,303,fresh_7,scam,2,0.535,,
12/16/19,WLV,303,fresh_7,scam,NA,3.724,,
12/16/19,WLV,304,fresh_7,scam,1,0.360,,
12/16/19,WLV,304,fresh_7,scam,2,0.533,,
12/16/19,WLV,304,fresh_7,scam,NA,7.424,,
12/16/19,WLV,305,fresh_7,scam,1,0.590,,
12/16/19,WLV,305,fresh_7,scam,2,0.697,,
12/16/19,WLV,305,fresh_7,scam,NA,8.680,,
12/16/19,WLV,305,fresh_7,scam,NA,0.166,,dh rhizome
1/7/20,WLV,306,fresh_7,scam,1,0.151,,
1/7/20,WLV,306,fresh_7,scam,2,0.522,,
1/7/20,WLV,306,fresh_7,scam,NA,11.738,,
1/7/20,WLV,306,fresh_7,scam,NA,0.110,,dh rhizome
1/7/20,WLV,307,fresh_7,scam,1,0.222,,
1/7/20,WLV,307,fresh_7,scam,2,0.110,,
1/7/20,WLV,307,fresh_7,scam,NA,2.119,,
11/5/19,WLV,308,fresh_7,scam,1,0.473,0,
11/5/19,WLV,308,fresh_7,scam,2,0.432,0,
11/5/19,WLV,308,fresh_7,scam,N/A,6.875,0,
11/5/19,WLV,309,fresh_7,scam,1,0.214,0,
11/5/19,WLV,309,fresh_7,scam,2,0.183,0,
11/5/19,WLV,309,fresh_7,scam,N/A,7.578,0,
11/5/19,WLV,309,fresh_7,sppa,N/A,0.066,0,
11/21/19,WLV,310,fresh_7,scam,1,0.646,0,
11/21/19,WLV,310,fresh_7,scam,2,0.487,0,
11/21/19,WLV,310,fresh_7,scam,N/A,8.083,0,
12/16/19,WLV,311,fresh_7,scam,1,0.222,,
12/16/19,WLV,311,fresh_7,scam,2,0.176,,
12/16/19,WLV,311,fresh_7,scam,NA,6.605,,
11/5/19,WLV,312,fresh_7,scam,1,0.447,0,
11/5/19,WLV,312,fresh_7,scam,2,0.204,0,
11/5/19,WLV,312,fresh_7,scam,N/A,7.672,0,
11/6/19,WLV,312,fresh_7,sppa,N/A,0.173,0,
11/21/19,WLV,313,fresh_7,scam,1,0.454,0,
11/21/19,WLV,313,fresh_7,scam,2,0.488,0,
11/21/19,WLV,313,fresh_7,scam,N/A,8.153,0,
1/7/20,WLV,314,fresh_7,scam,NA,0.007,,
11/5/19,WLV,316,fresh_7,scam,1,0.284,0,
11/5/19,WLV,316,fresh_7,scam,2,0.369,0,
11/5/19,WLV,316,fresh_7,scam,N/A,2.084,0,
11/21/19,WLV,317,fresh_7,scam,1,0.188,0,"bag labeled SPA, but MLV changed to SCAM"
11/21/19,WLV,317,fresh_7,scam,2,0.480,0,"bag labeled SPA, but MLV changed to SCAM"
11/21/19,WLV,317,fresh_7,scam,N/A,4.418,0,
11/21/19,WLV,317,fresh_7,sppa,N/A,0.011,0,
11/5/19,WLV,318,fresh_7,sppa,N/A,0.186,0,
12/16/19,WLV,319,fresh_7,scam,1,0.451,,
12/16/19,WLV,319,fresh_7,scam,2,0.082,,
12/16/19,WLV,319,fresh_7,scam,NA,5.510,,
1/7/20,WLV,320,fresh_7,scam,1,0.226,,
1/7/20,WLV,320,fresh_7,scam,2,0.093,,
1/7/20,WLV,320,fresh_7,scam,NA,0.954,,
11/5/19,WLV,325,fresh_7,scam,1,0.007,0,
11/5/19,WLV,325,fresh_7,scam,2,0.055,0,
11/5/19,WLV,325,fresh_7,scam,N/A,0.101,0,
12/16/19,WLV,326,fresh_7,scam,1,0.136,,"label said gcrew_7, but pot number is from fresh_7 so MLV changed"
12/16/19,WLV,326,fresh_7,scam,2,0.027,,"label said gcrew_7, but pot number is from fresh_7 so MLV changed"
12/16/19,WLV,326,fresh_7,scam,NA,0.062,,"label said gcrew_7, but pot number is from fresh_7 so MLV changed"
2/7/20,WLV,337,gcrew_1,scam,1,0.106,,
2/7/20,WLV,337,gcrew_1,scam,2,0.149,,
2/7/20,WLV,337,gcrew_1,scam,NA,3.014,,
1/7/20,WLV,338,gcrew_1,scam,1,0.195,,
1/7/20,WLV,338,gcrew_1,scam,2,0.122,,
1/7/20,WLV,338,gcrew_1,scam,NA,2.220,,
1/7/20,WLV,339,gcrew_1,scam,1,0.046,,
1/7/20,WLV,339,gcrew_1,scam,2,0.314,,
1/7/20,WLV,339,gcrew_1,scam,NA,4.640,,
1/7/20,WLV,340,gcrew_1,scam,1,0.335,,
1/7/20,WLV,340,gcrew_1,scam,2,0.148,,
1/7/20,WLV,340,gcrew_1,scam,NA,1.883,,
1/7/20,WLV,341,gcrew_1,scam,1,0.206,,
1/7/20,WLV,341,gcrew_1,scam,2,0.117,,
1/7/20,WLV,341,gcrew_1,scam,NA,0.684,,
1/7/20,WLV,341,gcrew_1,sppa,NA,4.770,,
1/7/20,WLV,342,gcrew_1,scam,1,0.338,,
1/7/20,WLV,342,gcrew_1,scam,2,0.229,,
1/7/20,WLV,342,gcrew_1,scam,NA,2.462,,
1/24/20,WLV,343,gcrew_1,scam,1,0.191,,
1/24/20,WLV,343,gcrew_1,scam,2,0.057,,
1/24/20,WLV,343,gcrew_1,scam,NA,0.276,,
1/24/20,WLV,343,gcrew_1,sppa,NA,9.977,,
1/24/20,WLV,344,gcrew_1,scam,NA,0.031,,
1/24/20,WLV,344,gcrew_1,sppa,NA,10.371,,
1/24/20,WLV,345,gcrew_1,scam,1,0.363,,
1/24/20,WLV,345,gcrew_1,scam,2,0.337,,
1/24/20,WLV,345,gcrew_1,scam,NA,2.068,,
1/24/20,WLV,345,gcrew_1,sppa,NA,3.153,,
2/7/20,WLV,346,gcrew_1,scam,1,0.332,,
2/7/20,WLV,346,gcrew_1,scam,2,0.291,,
2/7/20,WLV,346,gcrew_1,scam,NA,0.787,,
2/7/20,WLV,346,gcrew_1,sppa,NA,7.214,,
2/7/20,WLV,347,gcrew_1,scam,1,0.294,,
2/7/20,WLV,347,gcrew_1,scam,2,0.505,,
2/7/20,WLV,347,gcrew_1,scam,NA,3.752,,
1/24/20,WLV,348,gcrew_1,scam,1,0.153,,
1/24/20,WLV,348,gcrew_1,scam,2,0.285,,
1/24/20,WLV,348,gcrew_1,scam,NA,3.963,,
1/24/20,WLV,348,gcrew_1,sppa,NA,1.602,,
1/7/20,WLV,349,gcrew_1,scam,1,0.290,,
1/7/20,WLV,349,gcrew_1,scam,2,0.429,,
1/7/20,WLV,349,gcrew_1,scam,NA,7.782,,
2/7/20,WLV,350,gcrew_1,scam,1,0.231,,
2/7/20,WLV,350,gcrew_1,scam,2,0.247,,
2/7/20,WLV,350,gcrew_1,scam,NA,3.286,,
1/24/20,WLV,351,gcrew_1,scam,1,0.286,,
1/24/20,WLV,351,gcrew_1,scam,2,0.219,,
1/24/20,WLV,351,gcrew_1,scam,NA,0.742,,
1/7/20,WLV,352,gcrew_1,scam,1,0.172,,
1/7/20,WLV,352,gcrew_1,scam,2,0.228,,
1/7/20,WLV,352,gcrew_1,scam,NA,0.833,,
2/7/20,WLV,353,gcrew_1,scam,1,0.143,,
2/7/20,WLV,353,gcrew_1,scam,2,0.560,,
2/7/20,WLV,353,gcrew_1,scam,NA,5.175,,
2/7/20,WLV,353,gcrew_1,sppa,NA,1.392,,
11/18/19,WLV,354,gcrew_1,scam,1,0.347,0,
11/18/19,WLV,354,gcrew_1,scam,2,0.084,0,
11/18/19,WLV,354,gcrew_1,scam,N/A,3.254,0,
1/24/20,WLV,355,gcrew_1,scam,1,0.310,,
1/24/20,WLV,355,gcrew_1,scam,2,0.408,,
1/24/20,WLV,355,gcrew_1,scam,NA,6.714,,
1/7/20,WLV,356,gcrew_1,scam,1,0.251,,
1/7/20,WLV,356,gcrew_1,scam,2,0.811,,
1/7/20,WLV,356,gcrew_1,scam,NA,6.511,,
11/18/19,WLV,357,gcrew_1,scam,1,0.426,0,
11/18/19,WLV,357,gcrew_1,scam,2,0.213,0,
11/18/19,WLV,357,gcrew_1,scam,N/A,5.744,0,
11/18/19,WLV,358,gcrew_1,scam,1,0.279,0,
11/18/19,WLV,358,gcrew_1,scam,2,0.198,0,
11/18/19,WLV,358,gcrew_1,scam,N/A,5.462,0,
1/24/20,WLV,359,gcrew_1,scam,1,0.247,,
1/24/20,WLV,359,gcrew_1,scam,2,0.396,,
1/24/20,WLV,359,gcrew_1,scam,NA,5.097,,
1/24/20,WLV,359,gcrew_1,sppa,NA,0.962,,
1/24/20,WLV,360,gcrew_1,scam,1,0.426,,
1/24/20,WLV,360,gcrew_1,scam,2,0.209,,
1/24/20,WLV,360,gcrew_1,scam,NA,4.220,,
1/24/20,WLV,360,gcrew_1,sppa,NA,0.346,,
2/7/20,WLV,362,gcrew_1,scam,1,0.197,,
2/7/20,WLV,362,gcrew_1,scam,2,0.194,,
2/7/20,WLV,362,gcrew_1,scam,NA,1.964,,
2/7/20,WLV,362,gcrew_1,sppa,NA,0.325,,
1/7/20,WLV,363,gcrew_1,scam,1,0.452,,
1/7/20,WLV,363,gcrew_1,scam,2,0.336,,
1/7/20,WLV,363,gcrew_1,scam,NA,1.024,,
1/7/20,WLV,363,gcrew_1,sppa,NA,0.114,,
2/7/20,WLV,364,gcrew_1,scam,1,0.299,,
2/7/20,WLV,364,gcrew_1,scam,2,0.280,,
2/7/20,WLV,364,gcrew_1,scam,NA,6.462,,
1/24/20,WLV,365,gcrew_1,scam,1,0.282,,
1/24/20,WLV,365,gcrew_1,scam,2,0.071,,
1/24/20,WLV,365,gcrew_1,scam,NA,0.332,,
1/7/20,WLV,366,gcrew_1,scam,1,0.183,,
1/7/20,WLV,366,gcrew_1,scam,2,0.322,,
1/7/20,WLV,366,gcrew_1,scam,NA,4.085,,
11/18/19,WLV,367,gcrew_1,scam,1,0.689,0,
11/18/19,WLV,367,gcrew_1,scam,2,0.648,0,
11/18/19,WLV,367,gcrew_1,scam,N/A,3.003,0,
11/18/19,WLV,368,gcrew_1,scam,1,0.298,0,
11/18/19,WLV,368,gcrew_1,scam,2,0.253,0,
11/18/19,WLV,368,gcrew_1,scam,N/A,4.266,0,
1/24/20,WLV,370,gcrew_1,scam,1,0.225,,
1/24/20,WLV,370,gcrew_1,scam,2,0.244,,
1/24/20,WLV,370,gcrew_1,scam,NA,0.441,,
2/7/20,WLV,375,gcrew_1,scam,1,0.531,,
2/7/20,WLV,375,gcrew_1,scam,2,0.523,,
2/7/20,WLV,375,gcrew_1,scam,NA,3.267,,
1/24/20,WLV,385,gcrew_2,scam,1,0.272,,
1/24/20,WLV,385,gcrew_2,scam,2,0.247,,
1/24/20,WLV,385,gcrew_2,scam,NA,0.787,,
2/7/20,WLV,386,gcrew_2,scam,1,0.208,,
2/7/20,WLV,386,gcrew_2,scam,2,0.134,,
2/7/20,WLV,386,gcrew_2,scam,NA,0.946,,
1/7/20,WLV,387,gcrew_2,scam,1,0.097,,
1/7/20,WLV,387,gcrew_2,scam,2,0.354,,
1/7/20,WLV,387,gcrew_2,scam,NA,0.965,,
1/7/20,WLV,387,gcrew_2,sppa,NA,4.197,,
1/7/20,WLV,388,gcrew_2,scam,1,0.308,,
1/7/20,WLV,388,gcrew_2,scam,2,0.203,,
1/7/20,WLV,388,gcrew_2,scam,NA,4.390,,
2/7/20,WLV,389,gcrew_2,scam,1,0.275,,
2/7/20,WLV,389,gcrew_2,scam,2,0.236,,
2/7/20,WLV,389,gcrew_2,scam,NA,1.587,,
2/7/20,WLV,389,gcrew_2,sppa,NA,6.783,,
1/24/20,WLV,390,gcrew_2,scam,1,0.278,,
1/24/20,WLV,390,gcrew_2,scam,2,0.198,,
1/24/20,WLV,390,gcrew_2,scam,NA,2.206,,
1/24/20,WLV,390,gcrew_2,scam,NA,0.290,,dh rhizome
1/7/20,WLV,391,gcrew_2,scam,1,0.159,,
1/7/20,WLV,391,gcrew_2,scam,2,0.091,,
1/7/20,WLV,391,gcrew_2,scam,NA,0.529,,
1/7/20,WLV,391,gcrew_2,sppa,NA,2.252,,
1/7/20,WLV,392,gcrew_2,scam,1,0.149,,
1/7/20,WLV,392,gcrew_2,scam,2,0.201,,
1/7/20,WLV,392,gcrew_2,scam,NA,3.037,,
2/7/20,WLV,394,gcrew_2,scam,1,0.293,,
2/7/20,WLV,394,gcrew_2,scam,2,0.173,,
2/7/20,WLV,394,gcrew_2,scam,NA,4.260,,
2/7/20,WLV,394,gcrew_2,sppa,NA,2.484,,
1/7/20,WLV,395,gcrew_2,scam,1,0.212,,
1/7/20,WLV,395,gcrew_2,scam,2,0.264,,
1/7/20,WLV,395,gcrew_2,scam,NA,2.669,,
2/7/20,WLV,396,gcrew_2,scam,1,0.239,,
2/7/20,WLV,396,gcrew_2,scam,2,0.252,,
2/7/20,WLV,396,gcrew_2,scam,NA,3.827,,
2/7/20,WLV,397,gcrew_2,scam,1,0.203,,
2/7/20,WLV,397,gcrew_2,scam,2,0.125,,
2/7/20,WLV,397,gcrew_2,scam,NA,4.590,,
2/7/20,WLV,397,gcrew_2,sppa,NA,0.894,,
2/7/20,WLV,398,gcrew_2,scam,1,0.365,,
2/7/20,WLV,398,gcrew_2,scam,2,0.335,,
2/7/20,WLV,398,gcrew_2,scam,NA,2.540,,
2/7/20,WLV,399,gcrew_2,scam,1,0.146,,
2/7/20,WLV,399,gcrew_2,scam,2,0.155,,
2/7/20,WLV,399,gcrew_2,scam,NA,0.693,,
2/7/20,WLV,399,gcrew_2,sppa,NA,6.465,,
1/7/20,WLV,400,gcrew_2,scam,1,0.370,,
1/7/20,WLV,400,gcrew_2,scam,2,0.389,,
1/7/20,WLV,400,gcrew_2,scam,NA,4.131,,
11/18/19,WLV,401,gcrew_2,scam,1,0.294,0,
11/18/19,WLV,401,gcrew_2,scam,2,0.090,0,
11/18/19,WLV,401,gcrew_2,scam,N/A,5.841,0,
1/7/20,WLV,402,gcrew_2,scam,1,0.583,,
1/7/20,WLV,402,gcrew_2,scam,2,0.696,,
1/7/20,WLV,402,gcrew_2,scam,NA,5.796,,label fell off; identified by dead R found
1/7/20,WLV,403,gcrew_2,scam,1,0.301,,
1/7/20,WLV,403,gcrew_2,scam,2,0.193,,
1/7/20,WLV,403,gcrew_2,scam,NA,3.183,,
1/7/20,WLV,403,gcrew_2,sppa,NA,1.067,,
2/7/20,WLV,404,gcrew_2,scam,1,0.230,,
2/7/20,WLV,404,gcrew_2,scam,2,0.179,,
2/7/20,WLV,404,gcrew_2,scam,NA,3.053,,
2/7/20,WLV,404,gcrew_2,sppa,NA,0.303,,
1/24/20,WLV,405,gcrew_2,scam,1,0.112,,
1/24/20,WLV,405,gcrew_2,scam,2,0.238,,
1/24/20,WLV,405,gcrew_2,scam,NA,6.286,,
1/24/20,WLV,405,gcrew_2,sppa,NA,0.261,,
1/24/20,WLV,406,gcrew_2,scam,1,0.335,,
1/24/20,WLV,406,gcrew_2,scam,2,0.235,,
1/24/20,WLV,406,gcrew_2,scam,NA,7.552,,
1/24/20,WLV,406,gcrew_2,scam,NA,0.144,,dh rhizome
11/18/19,WLV,407,gcrew_2,scam,1,0.402,0,
11/18/19,WLV,407,gcrew_2,scam,2,0.191,0,
11/18/19,WLV,407,gcrew_2,scam,N/A,4.847,0,
11/18/19,WLV,408,gcrew_2,scam,1,0.190,0,
11/18/19,WLV,408,gcrew_2,scam,2,0.504,0,
11/18/19,WLV,408,gcrew_2,scam,N/A,5.885,0,
11/18/19,WLV,410,gcrew_2,scam,1,0.079,0,
11/18/19,WLV,410,gcrew_2,scam,2,0.057,0,
11/18/19,WLV,410,gcrew_2,scam,N/A,4.927,0,
1/24/20,WLV,412,gcrew_2,scam,1,0.118,,
1/24/20,WLV,412,gcrew_2,scam,2,0.139,,
1/24/20,WLV,412,gcrew_2,scam,NA,3.350,,
1/24/20,WLV,412,gcrew_2,sppa,NA,0.102,,
2/7/20,WLV,413,gcrew_2,scam,1,0.452,,
2/7/20,WLV,413,gcrew_2,scam,2,0.702,,
2/7/20,WLV,413,gcrew_2,scam,NA,7.122,,
1/24/20,WLV,414,gcrew_2,scam,1,0.527,,
1/24/20,WLV,414,gcrew_2,scam,2,0.362,,
1/24/20,WLV,414,gcrew_2,scam,NA,9.507,,
11/18/19,WLV,415,gcrew_2,scam,1,0.175,0,
11/18/19,WLV,415,gcrew_2,scam,2,0.167,0,
11/18/19,WLV,415,gcrew_2,scam,N/A,9.711,0,
1/24/20,WLV,416,gcrew_2,scam,1,0.596,,
1/24/20,WLV,416,gcrew_2,scam,2,0.396,,
1/24/20,WLV,416,gcrew_2,scam,NA,10.355,,
1/7/20,WLV,1617,gcrew_2,scam,1,0.369,,
1/7/20,WLV,1617,gcrew_2,scam,2,0.373,,
1/7/20,WLV,1617,gcrew_2,scam,NA,3.121,,
2/7/20,WLV,1621,gcrew_2,scam,1,0.435,,
2/7/20,WLV,1621,gcrew_2,scam,2,0.345,,
2/7/20,WLV,1621,gcrew_2,scam,NA,3.070,,
2/7/20,WLV,1622,gcrew_2,scam,1,0.212,,
2/7/20,WLV,1622,gcrew_2,scam,2,0.160,,
2/7/20,WLV,1622,gcrew_2,scam,NA,0.620,,
2/7/20,WLV,1624,gcrew_2,scam,1,0.628,,
2/7/20,WLV,1624,gcrew_2,scam,2,0.487,,
2/7/20,WLV,1624,gcrew_2,scam,NA,6.581,,
2/7/20,WLV,1633,gcrew_3,sppa,NA,5.421,,
1/24/20,WLV,1634,gcrew_3,scam,1,0.211,,
1/24/20,WLV,1634,gcrew_3,scam,2,0.231,,
1/24/20,WLV,1634,gcrew_3,scam,NA,1.097,,
1/24/20,WLV,1634,gcrew_3,sppa,NA,6.786,,
1/24/20,WLV,1635,gcrew_3,scam,1,0.580,,
1/24/20,WLV,1635,gcrew_3,scam,2,0.393,,
1/24/20,WLV,1635,gcrew_3,scam,NA,2.761,,
1/24/20,WLV,1636,gcrew_3,scam,NA,0.029,,
1/24/20,WLV,1636,gcrew_3,sppa,NA,4.747,,
2/7/20,WLV,1637,gcrew_3,scam,1,0.160,,
2/7/20,WLV,1637,gcrew_3,scam,2,0.184,,
2/7/20,WLV,1637,gcrew_3,scam,NA,1.102,,
1/24/20,WLV,1638,gcrew_3,scam,1,0.142,,
1/24/20,WLV,1638,gcrew_3,scam,2,0.240,,
1/24/20,WLV,1638,gcrew_3,scam,NA,0.925,,
1/24/20,WLV,1639,gcrew_3,scam,1,0.198,,
1/24/20,WLV,1639,gcrew_3,scam,2,0.145,,
1/24/20,WLV,1639,gcrew_3,scam,NA,0.567,,
2/7/20,WLV,1640,gcrew_3,scam,1,0.217,,
2/7/20,WLV,1640,gcrew_3,scam,2,0.278,,"bag marked 340, but seems like it should be 1640 allom 2 (see pdf)"
2/7/20,WLV,1640,gcrew_3,scam,NA,1.667,,
1/24/20,WLV,1641,gcrew_3,scam,1,0.342,,
1/24/20,WLV,1641,gcrew_3,scam,2,0.289,,
1/24/20,WLV,1641,gcrew_3,scam,NA,5.924,,
1/24/20,WLV,1641,gcrew_3,sppa,NA,1.793,,
1/24/20,WLV,1642,gcrew_3,scam,1,0.153,,
1/24/20,WLV,1642,gcrew_3,scam,2,0.124,,
1/24/20,WLV,1642,gcrew_3,scam,NA,2.625,,
2/7/20,WLV,1643,gcrew_3,scam,1,0.166,,
2/7/20,WLV,1643,gcrew_3,scam,2,0.276,,
2/7/20,WLV,1643,gcrew_3,scam,NA,3.931,,
1/24/20,WLV,1644,gcrew_3,scam,1,0.371,,
1/24/20,WLV,1644,gcrew_3,scam,2,0.284,,
1/24/20,WLV,1644,gcrew_3,scam,NA,2.918,,
1/24/20,WLV,1644,gcrew_3,sppa,NA,1.731,,
2/7/20,WLV,1645,gcrew_3,scam,1,0.294,,
2/7/20,WLV,1645,gcrew_3,scam,2,0.417,,
2/7/20,WLV,1645,gcrew_3,scam,NA,2.364,,
2/7/20,WLV,1645,gcrew_3,sppa,NA,0.789,,
2/7/20,WLV,1646,gcrew_3,scam,1,0.147,,
2/7/20,WLV,1646,gcrew_3,scam,2,0.161,,
2/7/20,WLV,1646,gcrew_3,scam,NA,2.067,,
2/7/20,WLV,1647,gcrew_3,scam,1,0.124,,
2/7/20,WLV,1647,gcrew_3,scam,2,0.320,,
2/7/20,WLV,1647,gcrew_3,scam,NA,3.862,,
1/24/20,WLV,1648,gcrew_3,scam,1,0.373,,
1/24/20,WLV,1648,gcrew_3,scam,2,0.204,,
1/24/20,WLV,1648,gcrew_3,scam,NA,2.782,,
2/4/20,WLV,1649,gcrew_3,scam,1,0.253,,
2/4/20,WLV,1649,gcrew_3,scam,2,0.316,,
2/4/20,WLV,1649,gcrew_3,scam,NA,3.508,,
2/4/20,WLV,1649,gcrew_3,sppa,NA,0.095,,
2/4/20,WLV,1650,gcrew_3,scam,1,0.446,,
2/4/20,WLV,1650,gcrew_3,scam,2,0.488,,
2/4/20,WLV,1650,gcrew_3,scam,NA,7.454,,
2/4/20,WLV,1651,gcrew_3,sppa,NA,3.459,,
2/4/20,WLV,1652,gcrew_3,scam,1,0.326,,
2/4/20,WLV,1652,gcrew_3,scam,2,0.521,,
2/4/20,WLV,1652,gcrew_3,scam,NA,5.596,,
11/18/19,WLV,1653,gcrew_3,scam,1,0.390,0,
11/18/19,WLV,1653,gcrew_3,scam,2,0.234,0,
11/18/19,WLV,1653,gcrew_3,scam,N/A,5.996,0,
11/18/19,WLV,1654,gcrew_3,scam,1,0.807,0,
11/18/19,WLV,1654,gcrew_3,scam,2,0.316,0,
11/18/19,WLV,1654,gcrew_3,scam,N/A,4.893,0,
2/4/20,WLV,1655,gcrew_3,scam,1,0.570,,
2/4/20,WLV,1655,gcrew_3,scam,2,0.318,,
2/4/20,WLV,1655,gcrew_3,scam,NA,5.164,,
2/4/20,WLV,1655,gcrew_3,sppa,NA,1.134,,
2/4/20,WLV,1656,gcrew_3,scam,1,0.190,,
2/4/20,WLV,1656,gcrew_3,scam,2,0.520,,
2/4/20,WLV,1656,gcrew_3,scam,NA,3.552,,
2/4/20,WLV,1657,gcrew_3,scam,1,0.234,,
2/4/20,WLV,1657,gcrew_3,scam,2,0.113,,
2/4/20,WLV,1657,gcrew_3,scam,NA,4.001,,
2/4/20,WLV,1658,gcrew_3,scam,1,0.025,,
2/4/20,WLV,1658,gcrew_3,scam,2,0.168,,
2/4/20,WLV,1658,gcrew_3,scam,NA,0.914,,
11/18/19,WLV,1659,gcrew_3,scam,1,0.440,0,
11/18/19,WLV,1659,gcrew_3,scam,2,0.279,0,
11/18/19,WLV,1659,gcrew_3,scam,N/A,3.892,0,
2/4/20,WLV,1660,gcrew_3,scam,1,0.404,,
2/4/20,WLV,1660,gcrew_3,scam,2,0.370,,
2/4/20,WLV,1660,gcrew_3,scam,NA,3.073,,
11/18/19,WLV,1661,gcrew_3,scam,1,0.270,0,
11/18/19,WLV,1661,gcrew_3,scam,2,0.233,0,
11/18/19,WLV,1661,gcrew_3,scam,N/A,8.384,0,
2/4/20,WLV,1662,gcrew_3,scam,1,0.178,,
2/4/20,WLV,1662,gcrew_3,scam,2,0.279,,
2/4/20,WLV,1662,gcrew_3,scam,NA,5.451,,
2/4/20,WLV,1663,gcrew_3,scam,1,0.542,,
2/4/20,WLV,1663,gcrew_3,scam,2,0.136,,
2/4/20,WLV,1663,gcrew_3,scam,NA,4.447,,
2/4/20,WLV,1663,gcrew_3,sppa,NA,0.141,,
11/18/19,WLV,1664,gcrew_3,scam,1,0.228,0,
11/18/19,WLV,1664,gcrew_3,scam,2,0.654,0,
11/18/19,WLV,1664,gcrew_3,scam,N/A,7.235,0,
2/4/20,WLV,1665,gcrew_3,scam,1,0.420,,
2/4/20,WLV,1665,gcrew_3,scam,2,0.443,,
2/4/20,WLV,1665,gcrew_3,scam,NA,4.973,,
11/21/19,WLV,1681,gcrew_4,scam,1,0.201,0,
11/21/19,WLV,1681,gcrew_4,scam,2,0.082,0,
11/21/19,WLV,1681,gcrew_4,scam,N/A,2.109,0,
11/21/19,WLV,1681,gcrew_4,sppa,N/A,1.664,0,
11/21/19,WLV,1682,gcrew_4,scam,1,0.129,0,
11/21/19,WLV,1682,gcrew_4,scam,2,0.245,0,
11/21/19,WLV,1682,gcrew_4,scam,N/A,1.563,0,
11/21/19,WLV,1682,gcrew_4,sppa,N/A,2.325,0,
11/21/19,WLV,1683,gcrew_4,scam,1,0.225,0,
11/21/19,WLV,1683,gcrew_4,scam,2,0.170,0,
11/21/19,WLV,1683,gcrew_4,scam,N/A,5.267,0,
11/21/19,WLV,1683,gcrew_4,sppa,N/A,2.081,0,
11/21/19,WLV,1684,gcrew_4,scam,1,0.273,0,
11/21/19,WLV,1684,gcrew_4,scam,2,0.262,0,
11/21/19,WLV,1684,gcrew_4,scam,N/A,2.430,0,
11/21/19,WLV,1685,gcrew_4,scam,1,0.172,0,
11/21/19,WLV,1685,gcrew_4,scam,2,0.165,0,
11/21/19,WLV,1685,gcrew_4,scam,N/A,0.838,0,
10/25/19,WLV,1686,gcrew_4,scam,N/A,5.035,1,
11/21/19,WLV,1686,gcrew_4,scam,1,0.119,0,
11/21/19,WLV,1686,gcrew_4,scam,2,0.261,0,
11/21/19,WLV,1687,gcrew_4,scam,1,0.265,0,
2/7/20,WLV,1688,gcrew_3,scam,1,0.352,,
2/7/20,WLV,1688,gcrew_3,scam,2,0.273,,
2/7/20,WLV,1688,gcrew_3,scam,NA,4.273,,
2/7/20,WLV,1690,gcrew_4,scam,1,0.209,,
2/7/20,WLV,1690,gcrew_4,scam,2,0.195,,
2/7/20,WLV,1690,gcrew_4,scam,N/A,2.208,,
10/25/19,WLV,1691,gcrew_4,scam,1,0.121,0,
10/25/19,WLV,1691,gcrew_4,scam,2,0.209,0,
10/25/19,WLV,1691,gcrew_4,scam,N/A,4.753,0,
10/25/19,WLV,1692,gcrew_4,scam,1,0.534,0,
10/25/19,WLV,1692,gcrew_4,scam,2,0.324,0,
10/25/19,WLV,1692,gcrew_4,scam,N/A,2.273,0,
10/25/19,WLV,1692,gcrew_4,sppa,N/A,3.917,0,
10/25/19,WLV,1693,gcrew_4,scam,1,0.365,0,
10/25/19,WLV,1693,gcrew_4,scam,2,0.043,0,
10/25/19,WLV,1693,gcrew_4,scam,N/A,2.031,0,
10/25/19,WLV,1697,gcrew_4,scam,1,0.028,0,
10/25/19,WLV,1697,gcrew_4,scam,2,0.212,0,
10/25/19,WLV,1697,gcrew_4,scam,N/A,0.887,0,
10/25/19,WLV,1697,gcrew_4,sppa,N/A,3.525,0,
11/18/19,WLV,1700,gcrew_4,scam,1,0.424,0,
11/18/19,WLV,1700,gcrew_4,scam,2,0.305,0,
11/18/19,WLV,1700,gcrew_4,scam,N/A,7.175,0,
11/18/19,WLV,1801,gcrew_4,scam,1,0.296,0,
11/18/19,WLV,1801,gcrew_4,scam,2,0.169,0,
11/18/19,WLV,1801,gcrew_4,scam,N/A,1.847,0,
11/18/19,WLV,1802,gcrew_4,scam,1,0.344,0,
11/18/19,WLV,1802,gcrew_4,scam,2,0.171,0,
11/18/19,WLV,1802,gcrew_4,scam,N/A,5.954,0,
10/25/19,WLV,1803,gcrew_4,sppa,N/A,7.142,0,
10/25/19,WLV,1804,gcrew_4,scam,1,0.313,0,
10/25/19,WLV,1804,gcrew_4,scam,2,0.251,0,
10/25/19,WLV,1804,gcrew_4,scam,N/A,6.822,0,
10/25/19,WLV,1804,gcrew_4,sppa,N/A,2.776,0,
2/7/20,WLV,1805,gcrew_4,scam,1,0.198,,
2/7/20,WLV,1805,gcrew_4,scam,2,0.429,,
2/7/20,WLV,1805,gcrew_4,scam,N/A,2.391,,
11/18/19,WLV,1806,gcrew_4,scam,1,0.177,0,
11/18/19,WLV,1806,gcrew_4,scam,2,0.206,0,
11/18/19,WLV,1806,gcrew_4,scam,N/A,8.736,0,
2/7/20,WLV,1808,gcrew_4,scam,1,0.582,,
2/7/20,WLV,1808,gcrew_4,scam,2,0.411,,
2/7/20,WLV,1808,gcrew_4,scam,N/A,7.376,,
12/3/19,WLV,1810,gcrew_4,scam,1,0.702,,
12/3/19,WLV,1810,gcrew_4,scam,2,0.332,,
12/3/19,WLV,1810,gcrew_4,scam,N/A,7.448,,
11/18/19,WLV,1811,gcrew_4,scam,1,0.767,0,
11/18/19,WLV,1811,gcrew_4,scam,2,0.429,0,
11/18/19,WLV,1811,gcrew_4,scam,N/A,6.511,0,
10/25/19,WLV,1812,gcrew_4,scam,1,0.085,0,
10/25/19,WLV,1812,gcrew_4,scam,2,0.207,0,
10/25/19,WLV,1812,gcrew_4,scam,N/A,2.350,0,
10/25/19,WLV,1830,gcrew_5,scam,1,0.021,0,
10/25/19,WLV,1830,gcrew_5,scam,2,0.179,0,
10/25/19,WLV,1830,gcrew_5,scam,N/A,0.521,0,
10/25/19,WLV,1832,gcrew_5,scam,1,0.190,0,
10/25/19,WLV,1832,gcrew_5,scam,2,0.084,0,
10/25/19,WLV,1832,gcrew_5,scam,N/A,2.719,0,
10/25/19,WLV,1833,gcrew_5,scam,1,0.045,0,
10/25/19,WLV,1833,gcrew_5,scam,2,0.025,0,
10/25/19,WLV,1833,gcrew_5,scam,N/A,0.330,0,
10/25/19,WLV,1833,gcrew_5,sppa,N/A,6.781,0,
10/25/19,WLV,1834,gcrew_5,scam,1,0.028,0,
10/25/19,WLV,1834,gcrew_5,scam,2,0.248,0,
10/25/19,WLV,1834,gcrew_5,scam,N/A,0.905,0,
10/25/19,WLV,1834,gcrew_5,sppa,N/A,3.045,0,
10/25/19,WLV,1836,gcrew_5,scam,1,0.127,0,
10/25/19,WLV,1836,gcrew_5,scam,2,0.062,0,
10/25/19,WLV,1836,gcrew_5,scam,N/A,0.380,0,
10/25/19,WLV,1836,gcrew_5,sppa,N/A,4.811,0,
12/3/19,WLV,1838,gcrew_5,scam,1,0.151,,
12/3/19,WLV,1838,gcrew_5,scam,2,0.170,,
12/3/19,WLV,1838,gcrew_5,scam,N/A,2.311,,
12/3/19,WLV,1843,gcrew_5,scam,1,0.221,,
12/3/19,WLV,1843,gcrew_5,scam,2,0.205,,
12/3/19,WLV,1843,gcrew_5,scam,N/A,3.251,,
12/3/19,WLV,1843,gcrew_5,sppa,N/A,1.496,,
12/3/19,WLV,1844,gcrew_5,scam,1,0.115,,
12/3/19,WLV,1844,gcrew_5,scam,2,0.169,,
12/3/19,WLV,1844,gcrew_5,scam,N/A,1.768,,
12/3/19,WLV,1844,gcrew_5,sppa,N/A,1.747,,
12/3/19,WLV,1845,gcrew_5,scam,1,0.478,,
12/3/19,WLV,1845,gcrew_5,scam,2,0.522,,
12/3/19,WLV,1845,gcrew_5,scam,N/A,7.674,,
2/10/20,WLV,1847,gcrew_5,scam,1,0.072,,
2/10/20,WLV,1847,gcrew_5,scam,2,0.243,,
2/10/20,WLV,1847,gcrew_5,scam,N/A,5.214,,
2/10/20,WLV,1847,gcrew_5,sppa,N/A,0.193,,
2/10/20,WLV,1848,gcrew_5,scam,1,0.417,,
2/10/20,WLV,1848,gcrew_5,scam,2,0.204,,
2/10/20,WLV,1848,gcrew_5,scam,N/A,5.019,,
11/18/19,WLV,1849,gcrew_5,scam,1,0.301,0,
11/18/19,WLV,1849,gcrew_5,scam,2,0.113,0,
11/18/19,WLV,1849,gcrew_5,scam,N/A,4.596,0,
12/3/19,WLV,1850,gcrew_5,scam,1,0.098,,
12/3/19,WLV,1850,gcrew_5,scam,2,0.070,,
12/3/19,WLV,1850,gcrew_5,scam,N/A,0.520,,
12/3/19,WLV,1850,gcrew_5,sppa,N/A,9.717,,
11/18/19,WLV,1851,gcrew_5,scam,1,0.398,0,
11/18/19,WLV,1851,gcrew_5,scam,2,0.608,0,
11/18/19,WLV,1851,gcrew_5,scam,N/A,9.127,0,
11/18/19,WLV,1853,gcrew_5,scam,1,0.464,0,
11/18/19,WLV,1853,gcrew_5,scam,2,0.469,0,
11/18/19,WLV,1853,gcrew_5,scam,N/A,2.257,0,
11/18/19,WLV,1860,gcrew_5,scam,1,0.255,0,
11/18/19,WLV,1860,gcrew_5,scam,2,0.416,0,
11/18/19,WLV,1860,gcrew_5,scam,N/A,8.926,0,
10/25/19,WLV,1875,gcrew_5,scam,1,0.028,0,
10/25/19,WLV,1875,gcrew_5,scam,N/A,0.080,0,
10/25/19,WLV,1877,gcrew_6,scam,1,0.064,0,
10/25/19,WLV,1877,gcrew_6,scam,2,0.140,0,
10/25/19,WLV,1877,gcrew_6,scam,N/A,3.775,0,
12/3/19,WLV,1879,gcrew_6,scam,1,0.554,,
12/3/19,WLV,1879,gcrew_6,scam,2,0.333,,
12/3/19,WLV,1879,gcrew_6,scam,N/A,0.996,,
12/3/19,WLV,1879,gcrew_6,sppa,N/A,1.603,,
10/25/19,WLV,1881,gcrew_6,scam,1,0.074,0,
10/25/19,WLV,1881,gcrew_6,scam,2,0.152,0,
10/25/19,WLV,1881,gcrew_6,scam,N/A,0.130,0,
10/25/19,WLV,1881,gcrew_6,sppa,N/A,8.101,0,
12/3/19,WLV,1884,gcrew_6,scam,1,0.229,,
12/3/19,WLV,1884,gcrew_6,scam,2,0.074,,
12/3/19,WLV,1884,gcrew_6,scam,N/A,1.448,,
10/25/19,WLV,1886,gcrew_6,scam,1,0.158,0,
10/25/19,WLV,1886,gcrew_6,scam,2,0.023,0,
10/25/19,WLV,1886,gcrew_6,scam,N/A,2.224,0,
12/3/19,WLV,1888,gcrew_6,scam,1,0.308,,
12/3/19,WLV,1888,gcrew_6,scam,2,0.297,,
12/3/19,WLV,1888,gcrew_6,scam,N/A,3.273,,
10/25/19,WLV,1890,gcrew_6,scam,1,0.076,0,
10/25/19,WLV,1890,gcrew_6,scam,2,0.082,0,
10/25/19,WLV,1890,gcrew_6,scam,N/A,1.686,0,
10/25/19,WLV,1890,gcrew_6,sppa,N/A,0.442,0,
10/25/19,WLV,1891,gcrew_6,scam,1,0.106,0,
10/25/19,WLV,1891,gcrew_6,scam,2,0.121,0,
10/25/19,WLV,1891,gcrew_6,scam,N/A,1.779,0,
10/25/19,WLV,1892,gcrew_6,scam,1,0.229,0,
10/25/19,WLV,1892,gcrew_6,scam,2,0.243,0,
10/25/19,WLV,1892,gcrew_6,scam,N/A,1.177,0,
10/25/19,WLV,1892,gcrew_6,sppa,N/A,2.746,0,
11/18/19,WLV,1894,gcrew_6,scam,1,0.136,0,
11/18/19,WLV,1894,gcrew_6,scam,2,0.439,0,
11/18/19,WLV,1894,gcrew_6,scam,N/A,1.689,0,
2/10/20,WLV,1895,gcrew_6,scam,1,0.208,,
2/10/20,WLV,1895,gcrew_6,scam,2,0.438,,
2/10/20,WLV,1895,gcrew_6,scam,N/A,4.851,,
2/10/20,WLV,1895,gcrew_6,sppa,N/A,1.334,,
11/18/19,WLV,1898,gcrew_6,scam,1,0.484,0,
11/18/19,WLV,1898,gcrew_6,scam,2,0.542,0,
11/18/2019,WLV,1898,gcrew_6,scam,N/A,0.061,0,dh rhizome
11/18/19,WLV,1898,gcrew_6,scam,N/A,3.531,0,
11/18/19,WLV,1899,gcrew_6,scam,1,0.270,0,
11/18/19,WLV,1899,gcrew_6,scam,2,0.578,0,
11/18/19,WLV,1899,gcrew_6,scam,N/A,5.025,0,
11/18/19,WLV,1932,gcrew_6,scam,1,0.278,0,
11/18/19,WLV,1932,gcrew_6,scam,2,0.350,0,
11/18/19,WLV,1932,gcrew_6,scam,N/A,2.986,0,
10/25/19,WLV,1934,gcrew_6,scam,1,0.020,0,
10/25/19,WLV,1934,gcrew_6,scam,2,0.190,0,
10/25/19,WLV,1934,gcrew_6,scam,N/A,0.611,0,
10/25/19,WLV,1935,gcrew_6,scam,1,0.318,0,
10/25/19,WLV,1935,gcrew_6,scam,2,0.682,0,
10/25/19,WLV,1935,gcrew_6,scam,N/A,6.932,0,
10/25/19,WLV,1935,gcrew_6,sppa,N/A,0.018,0,
11/18/19,WLV,1936,gcrew_6,scam,N/A,0.047,0,"only 1 stem, only 1 bag"
11/18/19,WLV,1938,gcrew_6,scam,1,0.200,0,
11/18/19,WLV,1938,gcrew_6,scam,2,0.555,0,
11/18/19,WLV,1938,gcrew_6,scam,N/A,4.329,0,
10/25/19,WLV,1944,gcrew_6,scam,1,0.042,0,
10/25/19,WLV,1944,gcrew_6,scam,2,0.233,0,
10/25/19,WLV,1944,gcrew_6,scam,N/A,0.492,0,
11/5/19,WLV,1953,gcrew_7,scam,1,0.178,0,
11/5/19,WLV,1953,gcrew_7,scam,2,0.271,0,
11/5/19,WLV,1953,gcrew_7,scam,N/A,4.255,0,
11/5/19,WLV,1954,gcrew_7,scam,1,0.133,0,
11/5/19,WLV,1954,gcrew_7,scam,2,0.013,0,
11/5/19,WLV,1954,gcrew_7,scam,N/A,1.059,0,
11/5/19,WLV,1954,gcrew_7,sppa,N/A,2.147,0,
11/5/19,WLV,1955,gcrew_7,scam,1,0.088,0,
11/5/19,WLV,1955,gcrew_7,scam,2,0.130,0,
11/5/19,WLV,1955,gcrew_7,scam,N/A,0.374,0,
11/5/19,WLV,1956,gcrew_7,scam,1,0.262,0,
11/5/19,WLV,1956,gcrew_7,scam,2,0.178,0,
11/5/19,WLV,1956,gcrew_7,scam,N/A,4.101,0,
11/5/19,WLV,1957,gcrew_7,scam,1,0.204,0,
11/5/19,WLV,1957,gcrew_7,scam,2,0.254,0,
11/5/19,WLV,1957,gcrew_7,scam,N/A,2.526,0,
11/5/19,WLV,1957,gcrew_7,sppa,N/A,0.981,0,
11/5/19,WLV,1959,gcrew_7,scam,1,0.121,0,
11/5/19,WLV,1959,gcrew_7,scam,2,0.250,0,
11/5/19,WLV,1959,gcrew_7,scam,N/A,0.541,0,
11/5/19,WLV,1960,gcrew_7,scam,1,0.335,0,
11/5/19,WLV,1960,gcrew_7,scam,2,0.238,0,
11/5/19,WLV,1960,gcrew_7,scam,N/A,5.058,0,
11/5/19,WLV,1961,gcrew_7,scam,1,0.167,0,
11/5/19,WLV,1961,gcrew_7,scam,2,0.216,0,
11/5/19,WLV,1961,gcrew_7,scam,N/A,3.068,0,
11/5/19,WLV,1962,gcrew_7,scam,1,0.062,0,
11/5/19,WLV,1962,gcrew_7,scam,2,0.733,0,
11/5/19,WLV,1962,gcrew_7,scam,N/A,7.982,1,Labled pot 19 but probably supposed to be pot 1962
11/5/19,WLV,1963,gcrew_7,scam,1,0.091,0,
11/5/19,WLV,1963,gcrew_7,scam,2,0.217,0,
11/5/19,WLV,1963,gcrew_7,scam,N/A,3.645,0,
11/5/19,WLV,1964,gcrew_7,scam,1,0.282,0,
11/5/19,WLV,1964,gcrew_7,scam,2,0.363,0,
11/5/19,WLV,1964,gcrew_7,scam,N/A,2.662,0,
11/5/19,WLV,1965,gcrew_7,scam,1,0.380,0,
11/5/19,WLV,1965,gcrew_7,scam,2,0.331,0,
11/5/19,WLV,1965,gcrew_7,scam,N/A,2.199,0,
11/5/19,WLV,1965,gcrew_7,sppa,N/A,2.480,0,
11/5/19,WLV,1966,gcrew_7,scam,1,0.264,0,
11/5/19,WLV,1966,gcrew_7,scam,2,0.349,0,
11/5/19,WLV,1966,gcrew_7,scam,N/A,3.434,0,
11/5/19,WLV,1967,gcrew_7,sppa,N/A,2.112,0,
11/5/19,WLV,1968,gcrew_7,scam,1,0.307,0,
11/5/19,WLV,1968,gcrew_7,scam,2,0.306,0,
11/5/19,WLV,1968,gcrew_7,scam,N/A,0.666,0,
11/5/19,WLV,1968,gcrew_7,sppa,N/A,3.207,0,
11/5/19,WLV,1969,gcrew_7,scam,1,0.485,0,
11/5/19,WLV,1969,gcrew_7,scam,2,0.406,0,
11/5/19,WLV,1969,gcrew_7,scam,N/A,6.033,0,
11/5/19,WLV,1970,gcrew_7,sppa,N/A,7.717,0,
11/18/19,WLV,1971,gcrew_7,scam,1,0.079,0,
11/18/19,WLV,1971,gcrew_7,scam,2,0.423,0,
11/18/19,WLV,1971,gcrew_7,scam,N/A,10.944,0,
11/5/19,WLV,1972,gcrew_7,scam,1,0.395,0,
11/5/19,WLV,1972,gcrew_7,scam,2,0.289,0,
11/5/19,WLV,1972,gcrew_7,scam,N/A,7.170,0,
11/5/19,WLV,1973,gcrew_7,scam,1,0.590,0,
11/5/19,WLV,1973,gcrew_7,scam,2,0.471,0,
11/5/19,WLV,1973,gcrew_7,scam,N/A,3.456,0,
11/5/19,WLV,1973,gcrew_7,sppa,N/A,8.441,0,
11/18/19,WLV,1974,gcrew_7,scam,1,0.224,0,
11/18/19,WLV,1974,gcrew_7,scam,2,0.672,0,
11/18/19,WLV,1974,gcrew_7,scam,N/A,12.120,0,
11/5/19,WLV,1976,gcrew_7,scam,1,0.425,0,
11/5/19,WLV,1976,gcrew_7,scam,2,0.392,0,
11/5/19,WLV,1976,gcrew_7,scam,N/A,5.371,0,
11/5/19,WLV,1976,gcrew_7,sppa,N/A,2.465,0,
11/18/19,WLV,1977,gcrew_7,scam,1,0.435,0,
11/18/19,WLV,1977,gcrew_7,scam,2,0.379,0,
11/18/19,WLV,1977,gcrew_7,scam,N/A,3.874,0,
11/5/19,WLV,1978,gcrew_7,scam,1,0.156,0,
11/5/19,WLV,1978,gcrew_7,scam,2,0.203,0,
11/5/19,WLV,1978,gcrew_7,scam,N/A,1.645,0,
11/5/19,WLV,1978,gcrew_7,sppa,N/A,0.303,0,
11/18/19,WLV,1979,gcrew_7,scam,1,0.113,0,
11/18/19,WLV,1979,gcrew_7,scam,2,0.574,0,
11/18/19,WLV,1979,gcrew_7,scam,N/A,6.906,0,
11/5/19,WLV,1980,gcrew_7,scam,1,0.187,0,
11/5/19,WLV,1980,gcrew_7,scam,2,0.219,0,
11/5/19,WLV,1980,gcrew_7,scam,N/A,11.270,0,
11/5/19,WLV,1981,gcrew_7,scam,1,0.289,0,
11/5/19,WLV,1981,gcrew_7,scam,2,0.413,0,
11/5/19,WLV,1981,gcrew_7,scam,N/A,10.561,0,
11/5/19,WLV,1981,gcrew_7,sppa,N/A,0.061,0,
11/5/19,WLV,1982,gcrew_7,scam,1,0.402,0,
11/5/19,WLV,1982,gcrew_7,scam,2,0.330,0,
11/5/19,WLV,1982,gcrew_7,scam,N/A,7.895,0,
11/18/2019,WLV,1983,gcrew_7,scam,1,0.359,0,
11/18/2019,WLV,1983,gcrew_7,scam,2,0.298,0,
11/18/19,WLV,1983,gcrew_7,scam,N/A,8.363,0,
11/5/19,WLV,1986,gcrew_7,scam,1,0.362,0,
11/5/19,WLV,1986,gcrew_7,scam,2,0.228,0,
11/5/19,WLV,1986,gcrew_7,scam,N/A,1.830,0,
11/5/19,WLV,1987,gcrew_7,scam,1,0.023,0,
11/5/19,WLV,1987,gcrew_7,scam,2,0.355,0,
11/5/19,WLV,1987,gcrew_7,scam,N/A,0.739,0,
11/5/19,WLV,1989,gcrew_7,scam,1,0.387,0,
11/5/19,WLV,1989,gcrew_7,scam,2,0.541,0,
11/5/19,WLV,1989,gcrew_7,scam,N/A,2.514,0,
11/5/19,WLV,1990,gcrew_7,scam,1,0.569,0,
11/5/19,WLV,1990,gcrew_7,scam,2,0.768,0,
11/5/19,WLV,1990,gcrew_7,scam,N/A,4.341,0,
11/5/19,WLV,1991,gcrew_7,scam,1,0.324,0,
11/5/19,WLV,1991,gcrew_7,scam,2,0.167,0,
11/5/19,WLV,1991,gcrew_7,scam,N/A,4.272,0,
11/5/19,WLV,1992,gcrew_7,scam,1,0.090,0,
11/5/19,WLV,1992,gcrew_7,scam,2,0.209,0,
11/5/19,WLV,1992,gcrew_7,scam,N/A,2.639,0,
11/5/19,WLV,1996,gcrew_7,scam,1,0.651,0,
11/5/19,WLV,1996,gcrew_7,scam,2,0.470,0,
11/5/19,WLV,1996,gcrew_7,scam,N/A,1.706,0,
11/5/19,WLV,1998,gcrew_7,scam,1,0.450,0,
11/5/19,WLV,1998,gcrew_7,scam,2,0.156,0,
11/5/19,WLV,1998,gcrew_7,scam,N/A,0.369,0,
11/21/19,,1687,gcrew_4,scam,2,0.359,,
11/21/19,,1687,gcrew_4,scam,NA,3.381,,
12/3/19,,1698,gcrew_4,scam,1,0.237,,
12/3/19,,1698,gcrew_4,scam,2,0.109,,
12/3/19,,1698,gcrew_4,scam,NA,7.463,,
12/3/19,,1699,gcrew_4,scam,1,0.231,,
12/3/19,,1699,gcrew_4,scam,2,0.286,,
12/3/19,,1699,gcrew_4,scam,NA,7.231,,
12/3/19,,1807,gcrew_4,scam,1,0.341,,
12/3/19,,1807,gcrew_4,scam,2,0.199,,
12/3/19,,1807,gcrew_4,scam,NA,5.082,,
12/3/19,,1807,gcrew_4,sppa,NA,0.072,,
12/3/19,,1810,gcrew_4,scam,1,0.702,,
12/3/19,,1810,gcrew_4,scam,2,0.332,,
12/3/19,,1810,gcrew_4,scam,NA,7.448,,
12/3/19,,1813,gcrew_4,scam,1,0.333,,
12/3/19,,1813,gcrew_4,scam,2,0.287,,
12/3/19,,1813,gcrew_4,scam,NA,6.005,,
12/3/19,,1816,gcrew_4,scam,1,0.172,,
12/3/19,,1816,gcrew_4,scam,2,0.256,,
12/3/19,,1816,gcrew_4,scam,NA,3.806,,no pot # on label but same date and handwriting as 1816 which was missing an NA bag
12/3/19,,1818,gcrew_4,scam,1,0.540,,
12/3/19,,1818,gcrew_4,scam,2,0.705,,
12/3/19,,1818,gcrew_4,scam,NA,5.790,,
12/3/19,,1835,gcrew_5,scam,1,0.379,,
12/3/19,,1835,gcrew_5,scam,2,0.066,,
12/3/19,,1835,gcrew_5,scam,NA,3.575,,
12/3/19,,1837,gcrew_5,scam,1,0.315,,
12/3/19,,1837,gcrew_5,scam,2,0.171,,
12/3/19,,1837,gcrew_5,scam,NA,3.426,,
12/3/19,,1838,gcrew_5,scam,1,0.151,,
12/3/19,,1838,gcrew_5,scam,2,0.170,,
12/3/19,,1838,gcrew_5,scam,NA,2.311,,
12/3/19,,1843,gcrew_5,scam,1,0.221,,
12/3/19,,1843,gcrew_5,scam,2,0.205,,
12/3/19,,1843,gcrew_5,scam,NA,3.251,,
12/3/19,,1843,gcrew_5,sppa,NA,1.496,,
12/3/19,,1844,gcrew_5,scam,1,0.115,,
12/3/19,,1844,gcrew_5,scam,2,0.169,,
12/3/19,,1844,gcrew_5,scam,NA,1.768,,
12/3/19,,1844,gcrew_5,sppa,NA,1.747,,
12/3/19,,1845,gcrew_5,scam,1,0.478,,
12/3/19,,1845,gcrew_5,scam,2,0.522,,
12/3/19,,1845,gcrew_5,scam,NA,7.674,,
12/3/19,,1850,gcrew_5,scam,1,0.098,,
12/3/19,,1850,gcrew_5,scam,2,0.070,,
12/3/19,,1850,gcrew_5,scam,NA,0.520,,
12/3/19,,1850,gcrew_5,sppa,NA,9.717,,
12/3/19,,1879,gcrew_6,scam,1,0.554,,
12/3/19,,1879,gcrew_6,scam,2,0.333,,
12/3/19,,1879,gcrew_6,scam,NA,0.996,,
12/3/19,,1879,gcrew_6,sppa,NA,1.603,,
12/3/19,,1884,gcrew_6,scam,1,0.229,,
12/3/19,,1884,gcrew_6,scam,2,0.074,,
12/3/19,,1884,gcrew_6,scam,NA,1.448,,
12/3/19,,1888,gcrew_6,scam,1,0.308,,
12/3/19,,1888,gcrew_6,scam,2,0.297,,
12/3/19,,1888,gcrew_6,scam,NA,3.273,,
12/3/19,,1889,gcrew_6,scam,1,0.274,,
12/3/19,,1889,gcrew_6,scam,2,0.258,,
12/3/19,,1889,gcrew_6,scam,NA,4.461,,
12/3/19,,1896,gcrew_6,scam,1,0.515,,
12/3/19,,1896,gcrew_6,scam,2,0.478,,
12/3/19,,1896,gcrew_6,scam,NA,2.586,,
12/3/19,,1896,grew_6,sppa,NA,4.501,,
12/3/19,,1897,gcrew_6,scam,1,0.241,,
12/3/19,,1897,gcrew_6,scam,2,0.157,,
12/3/19,,1897,gcrew_6,scam,NA,0.457,,
12/3/19,,1897,gcrew_6,sppa,NA,6.381,,
12/3/19,,1931,gcrew_6,scam,1,0.077,,
12/3/19,,1931,gcrew_6,scam,2,0.129,,
12/3/19,,1931,gcrew_6,scam,NA,0.279,,
12/3/19,,1931,gcrew_6,sppa,NA,0.088,,
12/16/19,,243,fresh_6,scam,1,0.170,,
12/16/19,,243,fresh_6,scam,2,0.494,,
12/16/19,,243,fresh_6,scam,NA,4.250,,
12/16/19,,245,fresh_6,scam,1,0.038,,
12/16/19,,245,fresh_6,scam,2,0.116,,
12/16/19,,245,fresh_6,scam,NA,2.089,,
12/16/19,,245,fresh_6,sppa,NA,4.345,,
12/16/19,,251,fresh_6,scam,1,0.220,,
12/16/19,,251,fresh_6,scam,2,0.312,,
12/16/19,,251,fresh_6,scam,NA,6.024,,
12/16/19,,251,fresh_6,sppa,NA,0.391,,
12/16/19,,254,fresh_6,scam,1,0.114,,
12/16/19,,254,fresh_6,scam,2,0.155,,
12/16/19,,254,fresh_6,scam,NA,1.539,,
12/16/19,,254,fresh_6,sppa,NA,7.741,,
12/16/19,,258,fresh_6,scam,1,0.474,,
12/16/19,,258,fresh_6,scam,2,0.259,,
12/16/19,,258,fresh_6,scam,NA,9.723,,
12/16/19,,258,fresh_6,sppa,NA,0.816,,
12/16/19,,265,fresh_6,scam,1,0.270,,
12/16/19,,265,fresh_6,scam,2,0.480,,
12/16/19,,265,fresh_6,scam,NA,6.942,,
12/16/19,,265,fresh_6,sppa,NA,0.020,,
12/16/19,,272,fresh_6,scam,1,0.364,,
12/16/19,,272,fresh_6,scam,2,0.218,,
2/7/20,,1689,gcrew_4,scam,1,0.492,,
2/7/20,,1689,gcrew_4,scam,2,0.418,,
2/7/20,,1689,gcrew_4,scam,NA,5.793,,
2/7/20,,1690,gcrew_4,scam,1,0.209,,
2/7/20,,1690,gcrew_4,scam,2,0.195,,
2/7/20,,1690,gcrew_4,scam,NA,2.208,,
2/7/20,,1694,gcrew_4,scam,1,0.233,,
2/7/20,,1694,gcrew_4,scam,2,0.169,,
2/7/20,,1694,gcrew_4,scam,NA,5.545,,
2/7/20,,1695,gcrew_4,scam,1,0.406,,
2/7/20,,1695,gcrew_4,scam,2,0.480,,
2/7/20,,1695,gcrew_4,scam,NA,7.257,,
2/7/20,,1805,gcrew_4,scam,1,0.198,,
2/7/20,,1805,gcrew_4,scam,2,0.429,,
2/7/20,,1805,gcrew_4,scam,NA,2.391,,
2/7/20,,1808,gcrew_4,scam,1,0.582,,
2/7/20,,1808,gcrew_4,scam,2,0.411,,
2/7/20,,1808,gcrew_4,scam,NA,7.376,,
2/7/20,,1815,gcrew_4,scam,1,0.392,,
2/7/20,,1815,gcrew_4,scam,2,0.455,,
2/7/20,,1815,gcrew_4,scam,NA,2.501,,
2/7/20,,1815,gcrew_4,sppa,NA,0.048,,
2/7/20,,1839,gcrew_4,scam,1,0.275,,
2/7/20,,1839,gcrew_4,scam,2,0.355,,
2/7/20,,1839,gcrew_4,scam,NA,2.048,,
2/10/20,,1840,gcrew_5,scam,1,0.226,,
2/10/20,,1840,gcrew_5,scam,2,0.243,,
2/10/20,,1840,gcrew_5,scam,NA,4.443,,
2/10/20,,1841,gcrew_5,scam,1,0.161,,
2/10/20,,1841,gcrew_5,scam,2,0.255,,
2/10/20,,1841,gcrew_5,scam,NA,1.404,,
2/10/20,,1841,gcrew_5,sppa,NA,1.851,,
2/10/20,,1842,gcrew_5,scam,1,0.662,,
2/10/20,,1842,gcrew_5,scam,2,0.164,,
2/10/20,,1842,gcrew_5,scam,NA,4.676,,
2/10/20,,1846,gcrew_5,scam,1,0.371,,
2/10/20,,1846,gcrew_5,scam,2,0.345,,
2/10/20,,1846,gcrew_5,scam,NA,5.547,,
2/10/20,,1847,gcrew_5,scam,1,0.072,,
2/10/20,,1847,gcrew_5,scam,2,0.243,,
2/10/20,,1847,gcrew_5,scam,NA,5.214,,
2/10/20,,1847,gcrew_5,sppa,NA,0.193,,
2/10/20,,1848,gcrew_5,scam,1,0.417,,
2/10/20,,1848,gcrew_5,scam,2,0.204,,
2/10/20,,1848,gcrew_5,scam,NA,5.019,,
2/10/20,,1852,gcrew_5,scam,1,0.202,,
2/10/20,,1852,gcrew_5,scam,2,0.164,,
2/10/20,,1852,gcrew_5,scam,NA,11.194,,
2/10/20,,1852,gcrew_5,sppa,NA,1.291,,
2/10/20,,1856,gcrew_5,scam,1,0.319,,
2/10/20,,1856,gcrew_5,scam,2,0.328,,
2/10/20,,1856,gcrew_5,scam,NA,6.854,,
2/10/20,,1880,gcrew_6,scam,1,0.289,,
2/10/20,,1880,gcrew_6,scam,2,0.221,,
2/10/20,,1880,gcrew_6,scam,NA,1.667,,
2/10/20,,1882,gcrew_6,scam,1,0.111,,
2/10/20,,1882,gcrew_6,scam,2,0.080,,
2/10/20,,1882,gcrew_6,scam,NA,0.090,,
2/10/20,,1882,gcrew_6,sppa,NA,3.838,,
2/10/20,,1885,gcrew_6,scam,1,0.218,,
2/10/20,,1885,gcrew_6,scam,2,0.359,,
2/10/20,,1885,gcrew_6,scam,NA,1.339,,
2/10/20,,1885,gcrew_6,sppa,NA,0.696,,
2/10/20,,1887,gcrew_6,scam,1,0.558,,
2/10/20,,1887,gcrew_6,scam,2,0.330,,
2/10/20,,1887,gcrew_6,scam,NA,4.294,,
2/10/20,,1895,gcrew_6,scam,1,0.208,,
2/10/20,,1895,gcrew_6,scam,2,0.438,,
2/10/20,,1895,gcrew_6,scam,NA,4.851,,
2/10/20,,1895,gcrew_6,sppa,NA,1.334,,
2/10/20,,1930,gcrew_6,scam,1,0.371,,
2/10/20,,1930,gcrew_6,scam,2,0.159,,
2/10/20,,1930,gcrew_6,scam,NA,7.730,,
2/10/20,,1933,gcrew_6,scam,1,0.542,,
2/10/20,,1933,gcrew_6,scam,2,0.529,,
2/10/20,,1933,gcrew_6,scam,NA,6.052,,
2/10/20,,1933,gcrew_6,sppa,NA,0.074,,
2/10/20,,1937,gcrew_6,scam,1,0.710,,
2/10/20,,1937,gcrew_6,scam,2,0.382,,
2/10/20,,1937,gcrew_6,scam,NA,9.228,,