pot_no,site_ frame,level,pos,gt,0,density_notfixed,density_fixed,adjust,flux,soil,porom,poreH20,rna
1,fresh_1,1,1,cm4,1,4,4,0,1,0,0,0,0
2,fresh_1,1,2,ka5,0,12,12,0,1,0,0,0,0
3,fresh_1,1,3,b3,0,18,18,0,0,0,0,0,0
4,fresh_1,1,4,cm3,0,11,11,0,0,0,0,0,0
5,fresh_1,1,5,ca1,0,5,5,0,0,0,0,0,0
6,fresh_1,1,6,cm1,0,10,10,0,0,0,0,0,0
7,fresh_1,1,7,km5,0,16,16,0,0,0,0,0,0
8,fresh_1,1,8,ca7,1,12,12,0,0,0,0,0,0
9,fresh_1,2,1,cm6,1,20,20,0,1,0,0,0,0
10,fresh_1,2,2,cm10,0,15,15,0,1,0,1,1,0
11,fresh_1,2,3,cm2,0,9,9,0,1,0,0,0,0
12,fresh_1,2,4,ca4,1,21,21,0,1,0,0,0,0
13,fresh_1,2,5,ca8,1,19,19,0,0,0,0,0,0
14,fresh_1,2,6,km6,0,13,13,0,0,0,1,1,0
15,fresh_1,2,7,ka4,0,28,28,0,0,0,0,0,0
16,fresh_1,2,8,ca7,0,20,20,0,0,0,0,0,0
17,fresh_1,3,1,cm7,0,13,13,0,1,0,0,0,1
18,fresh_1,3,2,ca8,1,21,21,0,0,0,1,1,0
19,fresh_1,3,3,ca6,0,12,12,0,0,0,0,0,1
20,fresh_1,3,4,cm5,0,16,16,0,0,0,0,0,1
21,fresh_1,3,5,ka6,0,11,11,0,0,0,0,0,0
22,fresh_1,3,6,cm1,1,9,9,0,0,0,1,1,0
23,fresh_1,3,7,km2,0,17,17,0,0,0,0,0,0
24,fresh_1,3,8,ca5,1,10,10,0,0,0,0,0,0
25,fresh_1,4,1,ca10,1,10,10,0,0,0,0,0,0
26,fresh_1,4,2,ca4,0,14,14,0,0,0,0,0,1
27,fresh_1,4,3,km1,0,24,24,0,0,0,0,0,0
28,fresh_1,4,4,cm8,1,0,0,0,0,0,0,0,0
29,fresh_1,4,5,ca3,1,0,0,0,0,0,0,0,0
30,fresh_1,4,6,cm4,0,15,15,0,0,0,0,0,1
31,fresh_1,4,7,cm3,0,16,16,0,0,0,0,0,1
32,fresh_1,4,8,b2,0,0,0,0,0,0,0,0,0
33,fresh_1,5,1,ca2,1,0,0,0,0,0,0,0,0
34,fresh_1,5,2,cm7,1,0,0,0,0,0,0,0,0
35,fresh_1,5,3,ca9,0,0,0,0,0,0,0,0,0
36,fresh_1,5,4,ka2,0,1,1,0,0,0,0,0,0
37,fresh_1,5,5,cm9,1,7,7,0,0,0,0,1,0
38,fresh_1,5,6,km5,0,0,0,0,0,0,0,0,0
39,fresh_1,5,7,ca10,0,0,0,0,0,0,0,0,0
40,fresh_1,5,8,cm6,0,8,8,0,0,0,0,1,0
41,fresh_1,6,1,b4,0,0,0,0,0,0,0,0,0
42,fresh_1,6,2,km3,0,0,0,0,0,0,0,0,0
43,fresh_1,6,3,ka1,0,0,0,0,0,0,0,0,0
44,fresh_1,6,4,cm10,1,0,0,0,0,0,0,0,0
45,fresh_1,6,5,ca1,0,0,0,0,0,0,0,0,0
46,fresh_1,6,6,ca10,1,0,0,0,0,0,0,0,0
47,fresh_1,6,7,cm2,0,0,0,0,0,0,0,0,0
48,fresh_1,6,8,ca2,1,0,0,0,0,0,0,0,0
49,fresh_2,1,1,cm1,1,5,5,0,0,0,0,0,0
50,fresh_2,1,2,ca6,1,7,7,0,0,0,0,0,0
51,fresh_2,1,3,km2,0,12,12,0,1,1,0,0,0
52,fresh_2,1,4,ca3,0,12,12,0,1,1,1,1,0
53,fresh_2,1,5,ka6,0,15,15,0,1,1,1,1,0
54,fresh_2,1,6,ca7,0,18,18,0,1,1,0,0,0
55,fresh_2,1,7,cm7,1,5,5,0,0,0,0,0,0
56,fresh_2,1,8,cm6,0,13,13,0,1,1,0,0,0
57,fresh_2,2,1,cm7,0,11,11,0,1,1,0,0,0
58,fresh_2,2,2,cm8,1,7,7,0,0,0,0,0,0
59,fresh_2,2,3,ka4,0,28,28,0,1,1,1,1,0
60,fresh_2,2,4,ca1,1,9,9,0,0,0,0,0,0
61,fresh_2,2,5,ca6,1,10,10,0,0,0,0,0,0
62,fresh_2,2,6,ca5,0,16,16,0,1,1,0,0,0
63,fresh_2,2,7,cm10,0,19,19,0,1,1,0,0,0
64,fresh_2,2,8,km3,0,21,21,0,1,1,1,1,0
65,fresh_2,3,1,b2,0,16,16,0,1,0,0,0,0
66,fresh_2,3,2,km5,0,20,20,0,1,0,0,0,0
67,fresh_2,3,3,ca8,0,16,16,0,1,0,0,0,1
68,fresh_2,3,4,ka6,0,16,16,0,1,0,0,0,0
69,fresh_2,3,5,ca4,1,15,15,0,0,0,0,0,0
70,fresh_2,3,6,ca2,0,15,15,0,1,0,0,0,1
71,fresh_2,3,7,cm2,1,15,15,0,0,0,0,0,0
72,fresh_2,3,8,cm4,0,21,21,0,1,0,0,0,1
73,fresh_2,4,1,ca7,0,17,17,0,1,1,0,0,1
74,fresh_2,4,2,ka3,0,13,13,0,1,1,0,0,0
75,fresh_2,4,3,cm10,0,16,16,0,1,1,0,0,1
76,fresh_2,4,4,ca5,1,18,18,0,0,0,0,0,0
77,fresh_2,4,5,km4,0,21,21,0,1,1,0,0,0
78,fresh_2,4,6,ca4,1,17,17,0,0,0,0,0,0
79,fresh_2,4,7,cm4,1,13,13,0,0,0,0,0,0
80,fresh_2,4,8,cm2,0,12,12,0,1,1,0,0,1
81,fresh_2,5,1,km4,0,0,0,0,0,0,0,0,0
82,fresh_2,5,2,ca9,1,0,0,0,0,0,0,0,0
83,fresh_2,5,3,ca4,0,0,0,0,0,0,0,0,0
84,fresh_2,5,4,ca10,0,0,0,0,0,0,0,0,0
85,fresh_2,5,5,cm10,0,0,0,0,0,0,0,0,0
86,fresh_2,5,6,cm3,1,0,0,0,0,0,0,0,0
87,fresh_2,5,7,b1,0,8,8,0,0,0,0,1,0
88,fresh_2,5,8,cm6,1,17,17,0,0,0,0,1,0
89,fresh_2,6,1,ca8,1,0,0,0,0,0,0,0,0
90,fresh_2,6,2,b2,0,0,0,0,0,0,0,0,0
91,fresh_2,6,3,cm10,1,0,0,0,0,0,0,0,0
92,fresh_2,6,4,ca3,0,0,0,0,0,0,0,0,0
93,fresh_2,6,5,cm9,0,0,0,0,0,0,0,0,0
94,fresh_2,6,6,ka2,0,0,0,0,0,0,0,0,0
95,fresh_2,6,7,ca1,1,0,0,0,0,0,0,0,0
96,fresh_2,6,8,cm4,0,0,0,0,0,0,0,0,0
97,fresh_3,1,1,km4,0,7,7,0,1,1,0,0,0
98,fresh_3,1,2,cm8,0,10,10,0,1,1,1,1,0
99,fresh_3,1,3,cm7,0,8,8,0,1,1,0,0,0
100,fresh_3,1,4,ca2,1,9,9,0,0,0,0,0,0
101,fresh_3,1,5,cm4,1,0,0,0,0,0,0,0,0
102,fresh_3,1,6,ca5,0,12,12,0,1,1,0,0,0
103,fresh_3,1,7,ka3,0,7,7,0,1,1,0,0,0
104,fresh_3,1,8,ca8,1,9,9,0,0,0,0,0,0
105,fresh_3,2,1,ka1,0,8,8,0,1,1,0,0,0
106,fresh_3,2,2,cm7,1,4,4,0,0,0,0,0,0
107,fresh_3,2,3,ca1,0,22,22,0,1,1,0,0,0
108,fresh_3,2,4,ca10,0,0,0,0,1,1,0,0,0
109,fresh_3,2,5,cm10,1,11,11,0,0,0,0,0,0
110,fresh_3,2,6,km1,0,21,21,0,1,1,0,0,0
111,fresh_3,2,7,ca3,1,12,12,0,0,0,0,0,0
112,fresh_3,2,8,cm4,0,21,21,0,1,1,0,0,0
113,fresh_3,3,1,km5,0,13,13,0,1,0,1,1,0
114,fresh_3,3,2,cm4,1,17,17,0,0,0,0,0,0
115,fresh_3,3,3,cm2,0,16,16,0,1,0,0,0,1
116,fresh_3,3,4,cm9,0,34,34,0,1,0,0,0,1
117,fresh_3,3,5,ka6,0,17,17,0,1,0,0,0,0
118,fresh_3,3,6,ca3,1,13,13,0,0,0,1,1,0
119,fresh_3,3,7,ca9,1,12,12,0,0,0,0,0,0
120,fresh_3,3,8,ca4,0,21,21,0,1,0,0,0,1
121,fresh_3,4,1,cm1,0,4,4,0,1,1,0,0,1
122,fresh_3,4,2,ca7,1,14,14,0,0,0,1,1,0
123,fresh_3,4,3,cm10,1,0,0,0,0,0,0,0,0
124,fresh_3,4,4,ca10,0,24,24,0,1,1,0,0,1
125,fresh_3,4,5,ka2,0,12,12,0,1,1,0,0,0
126,fresh_3,4,6,cm9,0,15,15,0,1,1,0,0,1
127,fresh_3,4,7,ca6,0,0,0,0,1,1,0,0,1
128,fresh_3,4,8,b2,0,1,1,0,1,1,0,0,0
129,fresh_3,5,1,ca5,0,5,5,0,0,0,0,1,0
130,fresh_3,5,2,cm10,0,0,0,0,0,0,0,0,0
131,fresh_3,5,3,cm2,1,0,0,0,0,0,0,0,0
132,fresh_3,5,4,ca2,1,11,11,0,0,0,0,1,0
133,fresh_3,5,5,b4,0,0,8,8,0,0,0,1,0
134,fresh_3,5,6,km3,0,0,0,0,0,0,0,0,0
135,fresh_3,5,7,ka5,0,0,0,0,0,0,0,0,0
136,fresh_3,5,8,cm8,1,0,0,0,0,0,0,0,0
137,fresh_3,6,1,cm9,1,0,0,0,0,0,0,0,0
138,fresh_3,6,2,ca4,0,0,0,0,0,0,0,0,0
139,fresh_3,6,3,ca6,1,0,0,0,0,0,0,0,0
140,fresh_3,6,4,b3,0,0,0,0,0,0,0,0,0
141,fresh_3,6,5,km2,0,0,0,0,0,0,0,0,0
142,fresh_3,6,6,cm1,1,0,0,0,0,0,0,0,0
143,fresh_3,6,7,cm4,0,0,0,0,0,0,0,0,0
144,fresh_3,6,8,ca10,0,0,0,0,0,0,0,0,0
145,fresh_4,1,1,ka6,0,10,10,0,1,1,0,0,0
146,fresh_4,1,2,km6,0,14,14,0,1,1,0,0,0
147,fresh_4,1,3,b1,0,14,14,0,1,1,0,0,0
148,fresh_4,1,4,ca9,1,10,10,0,0,0,0,0,0
149,fresh_4,1,5,cm2,0,8,8,0,1,1,1,1,0
150,fresh_4,1,6,ca3,0,15,15,0,1,1,1,1,0
151,fresh_4,1,7,ca10,1,7,7,0,0,0,1,1,0
152,fresh_4,1,8,cm10,1,0,0,0,0,0,0,0,0
153,fresh_4,2,1,cm9,1,12,12,0,0,0,1,1,0
154,fresh_4,2,2,cm7,0,14,14,0,1,1,1,1,0
155,fresh_4,2,3,km5,0,13,13,0,1,1,0,0,0
156,fresh_4,2,4,b2,0,18,18,0,1,1,1,1,0
157,fresh_4,2,5,ca6,0,16,16,0,1,1,0,0,0
158,fresh_4,2,6,ca8,0,19,19,0,1,1,0,0,0
159,fresh_4,2,7,ca10,1,21,21,0,0,0,0,0,0
160,fresh_4,2,8,cm1,1,0,0,0,0,0,0,0,0
161,fresh_4,3,1,ka6,0,6,6,0,1,1,0,0,0
162,fresh_4,3,2,ca10,1,21,21,0,0,0,1,1,0
163,fresh_4,3,3,b4,0,24,24,0,1,1,0,0,0
164,fresh_4,3,4,cm1,0,8,8,0,1,1,1,1,1
165,fresh_4,3,5,ca2,0,22,22,0,1,1,0,0,1
166,fresh_4,3,6,cm8,1,21,21,0,0,0,0,0,0
167,fresh_4,3,7,km3,0,4,4,0,1,1,0,0,0
168,fresh_4,3,8,cm6,1,23,23,0,0,0,1,1,0
169,fresh_4,4,1,cm2,1,10,10,0,0,0,1,1,0
170,fresh_4,4,2,ca1,0,15,15,0,1,1,0,0,1
171,fresh_4,4,3,ka3,0,9,9,0,1,1,0,0,0
172,fresh_4,4,4,km1,0,24,24,0,1,1,0,0,0
173,fresh_4,4,5,cm9,1,17,17,0,0,0,0,0,0
174,fresh_4,4,6,cm5,0,25,25,0,1,1,1,1,1
175,fresh_4,4,7,ca4,1,8,8,0,0,0,0,0,0
176,fresh_4,4,8,ca5,0,17,17,0,1,1,0,0,1
177,fresh_4,5,1,ca4,0,0,0,0,0,0,0,0,0
178,fresh_4,5,2,ca8,1,0,0,0,0,0,0,0,0
179,fresh_4,5,3,cm4,1,0,0,0,0,0,0,0,0
180,fresh_4,5,4,b1,0,0,0,0,0,0,0,0,0
181,fresh_4,5,5,cm3,0,0,0,0,0,0,0,0,0
182,fresh_4,5,6,ka1,0,0,0,0,0,0,0,0,0
183,fresh_4,5,7,ca1,1,5,5,0,0,0,0,1,0
184,fresh_4,5,8,cm8,0,0,0,0,0,0,0,0,0
185,fresh_4,6,1,ca3,1,0,0,0,0,0,0,0,0
186,fresh_4,6,2,km5,0,0,0,0,0,0,0,0,0
187,fresh_4,6,3,cm6,0,0,0,0,0,0,0,0,0
188,fresh_4,6,4,ca9,0,0,0,0,0,0,0,0,0
189,fresh_4,6,5,ka6,0,0,0,0,0,0,0,0,0
190,fresh_4,6,6,ca7,0,0,0,0,0,0,0,0,0
191,fresh_4,6,7,cm7,1,0,0,0,0,0,0,0,0
192,fresh_4,6,8,cm3,1,0,0,0,0,0,0,0,0
193,fresh_5,1,1,ca10,1,5,5,0,0,0,0,0,0
194,fresh_5,1,2,b2,0,17,17,0,1,1,0,0,0
195,fresh_5,1,3,ca2,0,11,11,0,1,1,0,0,0
196,fresh_5,1,4,cm2,0,10,10,0,1,1,0,0,0
197,fresh_5,1,5,km1,0,17,17,0,1,1,0,0,0
198,fresh_5,1,6,cm3,1,11,11,0,0,0,0,0,0
199,fresh_5,1,7,cm10,1,9,9,0,0,0,0,0,0
200,fresh_5,1,8,ka4,0,22,22,0,1,1,1,1,0
201,fresh_5,2,1,km6,0,17,17,0,1,1,0,0,0
202,fresh_5,2,2,ca8,0,0,0,0,1,1,0,0,0
203,fresh_5,2,3,b4,0,35,35,0,1,1,0,0,0
204,fresh_5,2,4,cm4,0,21,21,0,1,1,1,1,0
205,fresh_5,2,5,ca2,0,25,25,0,1,1,0,0,0
206,fresh_5,2,6,ca4,1,16,16,0,0,0,1,1,0
207,fresh_5,2,7,cm9,1,17,17,0,0,0,0,0,0
208,fresh_5,2,8,ka2,0,28,28,0,1,1,1,1,0
209,fresh_5,3,1,ca10,1,9,9,0,0,0,0,0,0
210,fresh_5,3,2,cm10,0,19,19,0,1,1,0,0,1
211,fresh_5,3,3,ka5,0,14,14,0,1,1,1,1,0
212,fresh_5,3,4,b2,0,13,13,0,1,1,0,0,0
213,fresh_5,3,5,ca6,1,19,19,0,0,0,1,1,0
214,fresh_5,3,6,ca7,0,16,16,0,1,1,1,1,1
215,fresh_5,3,7,cm8,1,0,0,0,0,0,0,0,0
216,fresh_5,3,8,cm6,0,27,27,0,1,1,1,1,1
217,fresh_5,4,1,cm1,1,6,6,0,0,0,0,0,0
218,fresh_5,4,2,km3,0,21,21,0,1,1,0,0,0
219,fresh_5,4,3,ca4,1,22,22,0,0,0,0,0,0
220,fresh_5,4,4,cm9,1,0,0,0,0,0,0,0,0
221,fresh_5,4,5,ca3,0,4,4,0,1,1,0,0,1
222,fresh_5,4,6,cm3,0,19,19,0,1,1,1,1,1
223,fresh_5,4,7,b3,0,19,19,0,1,1,0,0,0
224,fresh_5,4,8,ca10,0,0,0,0,1,1,0,0,1
225,fresh_5,5,1,km6,0,15,0,-15,0,0,0,0,0
226,fresh_5,5,2,cm7,0,4,0,-4,0,0,0,0,0
227,fresh_5,5,3,ka1,0,15,0,-15,0,0,0,0,0
228,fresh_5,5,4,ca3,1,13,5,-8,0,0,0,1,0
229,fresh_5,5,5,ca5,0,8,9,1,0,0,0,1,0
230,fresh_5,5,6,ca4,1,13,0,-13,0,0,0,0,0
231,fresh_5,5,7,cm9,0,20,0,-20,0,0,0,0,0
232,fresh_5,5,8,cm1,1,0,0,0,0,0,0,0,0
233,fresh_5,6,1,cm7,1,0,0,0,0,0,0,0,0
234,fresh_5,6,2,ka6,0,0,0,0,0,0,0,0,0
235,fresh_5,6,3,ca2,1,0,0,0,0,0,0,0,0
236,fresh_5,6,4,ca10,0,0,0,0,0,0,0,0,0
237,fresh_5,6,5,cm5,0,0,0,0,0,0,0,0,0
238,fresh_5,6,6,cm2,1,0,0,0,0,0,0,0,0
239,fresh_5,6,7,km5,0,0,0,0,0,0,0,0,0
240,fresh_5,6,8,ca4,0,0,0,0,0,0,0,0,0
241,fresh_6,1,1,ca4,0,24,15,-9,1,0,0,0,0
242,fresh_6,1,2,ca5,1,18,4,-14,0,0,0,0,0
243,fresh_6,1,3,ka3,0,29,15,-14,1,0,0,0,0
244,fresh_6,1,4,cm9,1,17,13,-4,0,0,0,0,0
245,fresh_6,1,5,cm4,1,21,8,-13,0,0,1,1,0
246,fresh_6,1,6,b1,0,10,13,3,1,0,0,0,0
247,fresh_6,1,7,cm5,0,23,20,-3,1,0,0,0,0
248,fresh_6,1,8,ca10,0,27,0,-27,1,0,0,0,0
249,fresh_6,2,1,b3,0,19,24,5,1,1,1,1,0
250,fresh_6,2,2,cm2,0,22,18,-4,1,1,0,0,0
251,fresh_6,2,3,ca10,1,14,29,15,0,0,1,1,0
252,fresh_6,2,4,cm3,0,22,17,-5,1,1,0,0,0
253,fresh_6,2,5,ca4,0,21,21,0,1,1,1,1,0
254,fresh_6,2,6,ca3,1,0,10,10,0,0,0,0,0
255,fresh_6,2,7,km1,0,32,23,-9,1,1,0,0,0
256,fresh_6,2,8,cm6,1,15,27,12,0,0,0,0,0
257,fresh_6,3,1,ka1,0,16,19,3,1,1,0,0,0
258,fresh_6,3,2,ca5,1,0,22,22,0,0,1,1,0
259,fresh_6,3,3,km4,0,0,14,14,1,1,1,1,0
260,fresh_6,3,4,cm5,0,16,22,6,1,1,1,1,1
261,fresh_6,3,5,cm9,1,12,21,9,0,0,0,0,0
262,fresh_6,3,6,ca9,0,17,0,-17,1,1,0,0,1
263,fresh_6,3,7,ca1,0,0,32,32,1,1,0,0,1
264,fresh_6,3,8,cm1,1,21,15,-6,0,0,0,0,0
265,fresh_6,4,1,cm4,1,0,16,16,0,0,0,0,0
266,fresh_6,4,2,ca10,0,0,0,0,1,1,0,0,1
267,fresh_6,4,3,cm10,0,0,0,0,1,1,0,0,1
268,fresh_6,4,4,ca8,1,0,16,16,0,0,0,0,0
269,fresh_6,4,5,cm4,0,0,12,12,1,1,0,0,1
270,fresh_6,4,6,ca1,1,0,17,17,0,0,1,1,0
271,fresh_6,4,7,km6,0,0,0,0,1,1,0,0,0
272,fresh_6,4,8,ka5,0,0,21,21,0,0,0,0,0
273,fresh_6,5,1,ca8,0,0,0,0,0,0,0,0,0
274,fresh_6,5,2,b4,0,0,0,0,0,0,0,0,0
275,fresh_6,5,3,ca4,1,0,0,0,0,0,0,0,0
276,fresh_6,5,4,cm10,0,0,0,0,0,0,0,0,0
277,fresh_6,5,5,cm2,1,0,0,0,0,0,0,0,0
278,fresh_6,5,6,ka6,0,0,0,0,0,0,0,0,0
279,fresh_6,5,7,km5,0,0,0,0,0,0,0,0,0
280,fresh_6,5,8,ca2,0,0,0,0,0,0,0,0,0
281,fresh_6,6,1,cm10,0,0,0,0,0,0,0,0,0
282,fresh_6,6,2,ca4,0,0,0,0,0,0,0,0,0
283,fresh_6,6,3,cm1,1,0,0,0,0,0,0,0,0
284,fresh_6,6,4,ca7,1,0,0,0,0,0,0,0,0
285,fresh_6,6,5,b3,0,0,0,0,0,0,0,0,0
286,fresh_6,6,6,ka5,0,0,0,0,0,0,0,0,0
287,fresh_6,6,7,km5,0,0,0,0,0,0,0,0,0
288,fresh_6,6,8,cm6,1,0,0,0,0,0,0,0,0
289,fresh_7,1,1,ca4,0,11,11,0,1,0,1,1,0
290,fresh_7,1,2,cm9,1,14,14,0,0,0,0,0,0
291,fresh_7,1,3,ca1,1,15,15,0,0,0,0,0,0
292,fresh_7,1,4,cm1,1,7,7,0,0,0,1,1,0
293,fresh_7,1,5,ca6,0,17,17,0,1,0,0,0,0
294,fresh_7,1,6,ka5,0,14,14,0,1,0,0,0,0
295,fresh_7,1,7,cm4,0,20,20,0,1,0,0,0,0
296,fresh_7,1,8,km3,0,13,13,0,1,0,0,0,0
297,fresh_7,2,1,cm5,1,20,20,0,0,0,1,1,0
298,fresh_7,2,2,ca9,1,13,13,0,0,0,0,0,0
299,fresh_7,2,3,ca5,0,14,14,0,1,1,0,0,0
300,fresh_7,2,4,cm8,0,14,14,0,1,1,0,0,0
301,fresh_7,2,5,ca2,1,18,18,0,0,0,0,0,0
302,fresh_7,2,6,b1,0,23,23,0,1,1,1,1,0
303,fresh_7,2,7,ka3,0,12,12,0,1,1,1,1,0
304,fresh_7,2,8,cm9,0,24,24,0,1,1,1,1,0
305,fresh_7,3,1,km1,0,19,19,0,1,0,1,1,0
306,fresh_7,3,2,ca7,0,17,17,0,1,0,1,1,1
307,fresh_7,3,3,cm10,0,10,10,0,1,0,0,0,1
308,fresh_7,3,4,b2,0,21,21,0,1,0,1,1,0
309,fresh_7,3,5,cm3,1,19,19,0,0,0,1,1,0
310,fresh_7,3,6,ca6,0,16,16,0,1,0,1,1,1
311,fresh_7,3,7,ka4,0,38,38,0,1,0,0,0,0
312,fresh_7,3,8,ca1,1,30,30,0,0,0,0,0,0
313,fresh_7,4,1,cm6,0,21,21,0,1,1,1,1,1
314,fresh_7,4,2,cm3,0,1,1,0,1,1,0,0,1
315,fresh_7,4,3,ca8,1,0,0,0,0,0,0,0,0
316,fresh_7,4,4,km2,0,7,7,0,1,1,0,0,0
317,fresh_7,4,5,cm7,1,9,9,0,0,0,1,1,0
318,fresh_7,4,6,cm4,1,0,0,0,0,0,0,0,0
319,fresh_7,4,7,b3,0,18,18,0,1,1,0,0,0
320,fresh_7,4,8,ca10,0,5,5,0,1,1,1,1,1
321,fresh_7,5,1,ca3,1,0,0,0,0,0,0,0,0
322,fresh_7,5,2,cm2,1,0,0,0,0,0,0,0,0
323,fresh_7,5,3,ca7,0,0,0,0,0,0,0,0,0
324,fresh_7,5,4,km5,0,0,0,0,0,0,0,0,0
325,fresh_7,5,5,cm1,1,2,2,0,0,0,0,1,0
326,fresh_7,5,6,ca6,0,2,2,0,0,0,0,1,0
327,fresh_7,5,7,ka1,0,0,0,0,0,0,0,0,0
328,fresh_7,5,8,cm5,0,0,0,0,0,0,0,0,0
329,fresh_7,6,1,ka2,0,0,0,0,0,0,0,0,0
330,fresh_7,6,2,ca3,0,0,0,0,0,0,0,0,0
331,fresh_7,6,3,ca5,1,0,0,0,0,0,0,0,0
332,fresh_7,6,4,cm8,0,0,0,0,0,0,0,0,0
333,fresh_7,6,5,ca4,1,0,0,0,0,0,0,0,0
334,fresh_7,6,6,km5,0,0,0,0,0,0,0,0,0
335,fresh_7,6,7,cm4,0,0,0,0,0,0,0,0,0
336,fresh_7,6,8,cm4,1,0,0,0,0,0,0,0,0
337,gcrew_1,1,1,ka4,0,26,26,0,1,1,0,0,0
338,gcrew_1,1,2,km2,0,13,13,0,1,1,1,1,0
339,gcrew_1,1,3,cm5,0,21,21,0,1,1,0,0,0
340,gcrew_1,1,4,ca4,0,13,13,0,1,1,1,1,0
341,gcrew_1,1,5,ca4,1,7,7,0,0,0,0,0,0
342,gcrew_1,1,6,ca1,0,19,19,0,1,1,1,1,0
343,gcrew_1,1,7,cm2,1,5,5,0,0,0,1,1,0
344,gcrew_1,1,8,cm9,1,0,0,0,0,0,0,0,0
345,gcrew_1,2,1,ca2,1,15,15,0,0,0,1,1,0
346,gcrew_1,2,2,ca10,1,6,6,0,0,0,1,1,0
347,gcrew_1,2,3,ca5,0,13,13,0,1,1,1,1,0
348,gcrew_1,2,4,cm6,1,16,16,0,0,0,0,0,0
349,gcrew_1,2,5,km3,0,24,24,0,1,1,0,0,0
350,gcrew_1,2,6,cm2,0,13,13,0,1,1,1,1,0
351,gcrew_1,2,7,ka3,0,5,5,0,1,1,1,1,0
352,gcrew_1,2,8,cm8,0,7,7,0,1,1,0,0,0
353,gcrew_1,3,1,cm3,1,16,16,0,0,0,0,0,0
354,gcrew_1,3,2,ca1,0,18,18,0,1,1,1,1,1
355,gcrew_1,3,3,ka5,0,21,21,0,1,1,0,0,0
356,gcrew_1,3,4,km6,0,17,17,0,1,1,0,0,0
357,gcrew_1,3,5,cm6,0,23,23,0,1,1,0,0,1
358,gcrew_1,3,6,ca10,0,22,22,0,1,1,0,0,1
359,gcrew_1,3,7,cm10,1,21,21,0,0,0,0,0,0
360,gcrew_1,3,8,ca7,1,14,14,0,0,0,0,0,0
361,gcrew_1,4,1,cm10,0,0,0,0,1,1,0,0,1
362,gcrew_1,4,2,ca7,1,9,9,0,0,0,0,0,0
363,gcrew_1,4,3,cm7,1,7,7,0,0,0,0,0,0
364,gcrew_1,4,4,ca3,1,18,18,0,0,0,0,0,0
365,gcrew_1,4,5,ka1,0,3,3,0,1,1,0,0,0
366,gcrew_1,4,6,b1,0,20,20,0,1,1,0,0,0
367,gcrew_1,4,7,cm1,0,9,9,0,1,1,0,0,1
368,gcrew_1,4,8,ca4,0,15,15,0,1,1,0,0,1
369,gcrew_1,5,1,ca9,1,0,0,0,0,0,0,0,0
370,gcrew_1,5,2,km1,0,4,4,0,0,0,0,1,0
371,gcrew_1,5,3,cm4,1,0,0,0,0,0,0,0,0
372,gcrew_1,5,4,cm1,0,0,0,0,0,0,0,0,0
373,gcrew_1,5,5,b4,0,0,0,0,0,0,0,0,0
374,gcrew_1,5,6,cm8,0,0,0,0,0,0,0,0,0
375,gcrew_1,5,7,ca2,0,10,10,0,0,0,0,1,0
376,gcrew_1,5,8,ka2,0,0,0,0,0,0,0,0,0
377,gcrew_1,6,1,cm4,0,0,0,0,0,0,0,0,0
378,gcrew_1,6,2,b2,0,0,0,0,0,0,0,0,0
379,gcrew_1,6,3,cm7,0,0,0,0,0,0,0,0,0
380,gcrew_1,6,4,ca4,1,0,0,0,0,0,0,0,0
381,gcrew_1,6,5,cm6,0,0,0,0,0,0,0,0,0
382,gcrew_1,6,6,ca3,1,0,0,0,0,0,0,0,0
383,gcrew_1,6,7,ca6,1,0,0,0,0,0,0,0,0
384,gcrew_1,6,8,cm10,0,0,0,0,0,0,0,0,0
385,gcrew_2,1,1,cm1,0,7,7,0,1,1,0,0,0
386,gcrew_2,1,2,ka1,0,5,5,0,1,1,0,0,0
387,gcrew_2,1,3,ca8,1,8,8,0,0,0,0,0,0
388,gcrew_2,1,4,cm9,0,18,18,0,1,1,0,0,0
389,gcrew_2,1,5,cm5,1,10,10,0,0,0,0,0,0
390,gcrew_2,1,6,ca5,0,15,15,0,1,1,0,0,0
391,gcrew_2,1,7,ca1,1,8,8,0,0,0,0,0,0
392,gcrew_2,1,8,b3,0,19,19,0,1,1,1,1,0
393,gcrew_2,2,1,ca10,0,0,0,0,1,1,0,0,0
394,gcrew_2,2,2,cm2,1,20,20,0,0,0,0,0,0
395,gcrew_2,2,3,b2,0,13,13,0,1,1,0,0,0
396,gcrew_2,2,4,ca2,0,20,20,0,1,1,0,0,0
397,gcrew_2,2,5,ca6,1,21,21,0,0,0,1,1,0
398,gcrew_2,2,6,km4,0,9,9,0,1,1,0,0,0
399,gcrew_2,2,7,cm10,1,6,6,0,0,0,1,1,0
400,gcrew_2,2,8,cm6,0,14,14,0,1,1,1,1,0
401,gcrew_2,3,1,cm5,0,20,20,0,1,1,0,0,1
402,gcrew_2,3,2,km3,0,15,15,0,1,1,1,1,0
403,gcrew_2,3,3,cm4,1,13,13,0,0,0,0,0,0
404,gcrew_2,3,4,ca3,1,14,14,0,0,0,0,0,0
405,gcrew_2,3,5,ca10,1,20,20,0,0,0,0,0,0
406,gcrew_2,3,6,ka2,0,26,26,0,1,1,1,1,0
407,gcrew_2,3,7,cm3,0,16,16,0,1,1,0,0,1
408,gcrew_2,3,8,ca7,0,19,19,0,1,1,0,0,1
409,gcrew_2,4,1,km5,0,0,0,0,1,1,0,0,0
410,gcrew_2,4,2,ca4,0,20,20,0,1,1,1,1,1
411,gcrew_2,4,3,ca1,0,0,0,0,1,1,0,0,1
412,gcrew_2,4,4,cm8,1,21,21,0,0,0,0,0,0
413,gcrew_2,4,5,cm3,1,15,15,0,0,0,0,0,0
414,gcrew_2,4,6,ka6,0,18,18,0,1,1,0,0,0
415,gcrew_2,4,7,cm6,0,26,26,0,1,1,0,0,1
416,gcrew_2,4,8,ca7,1,20,20,0,0,0,1,1,0
1617,gcrew_2,5,1,cm4,0,10,10,0,0,0,0,1,0
1618,gcrew_2,5,2,cm8,1,0,0,0,0,0,0,0,0
1619,gcrew_2,5,3,ca8,1,0,0,0,0,0,0,0,0
1620,gcrew_2,5,4,km1,0,0,0,0,0,0,0,0,0
1621,gcrew_2,5,5,b1,0,6,6,0,0,0,0,1,0
1622,gcrew_2,5,6,ca4,1,8,8,0,0,0,0,1,0
1623,gcrew_2,5,7,ka4,0,0,0,0,0,0,0,0,0
1624,gcrew_2,5,8,ca6,0,15,15,0,0,0,0,1,0
1625,gcrew_2,6,1,ca5,1,0,0,0,0,0,0,0,0
1626,gcrew_2,6,2,km3,0,0,0,0,0,0,0,0,0
1627,gcrew_2,6,3,ca2,0,0,0,0,0,0,0,0,0
1628,gcrew_2,6,4,cm5,1,0,0,0,0,0,0,0,0
1629,gcrew_2,6,5,cm8,0,0,0,0,0,0,0,0,0
1630,gcrew_2,6,6,b4,0,0,0,0,0,0,0,0,0
1631,gcrew_2,6,7,ka5,0,0,0,0,0,0,0,0,0
1632,gcrew_2,6,8,cm2,0,0,0,0,0,0,0,0,0
1633,gcrew_3,1,1,ca10,1,0,0,0,0,0,0,0,0
1634,gcrew_3,1,2,ca3,1,7,7,0,0,0,0,0,0
1635,gcrew_3,1,3,cm1,0,11,11,0,1,0,0,0,0
1636,gcrew_3,1,4,cm10,1,0,0,0,0,0,0,0,0
1637,gcrew_3,1,5,ka5,0,7,7,0,1,0,0,0,0
1638,gcrew_3,1,6,ca10,0,7,7,0,1,0,0,0,0
1639,gcrew_3,1,7,cm7,0,9,9,0,1,0,1,1,0
1640,gcrew_3,1,8,km5,0,13,13,0,1,0,0,0,0
1641,gcrew_3,2,1,cm9,1,25,25,0,0,0,0,0,0
1642,gcrew_3,2,2,ca1,0,20,20,0,1,1,0,0,0
1643,gcrew_3,2,3,cm5,0,18,18,0,1,1,0,0,0
1644,gcrew_3,2,4,ca8,1,11,11,0,0,0,0,0,0
1645,gcrew_3,2,5,cm2,1,10,10,0,0,0,0,0,0
1646,gcrew_3,2,6,b4,0,13,13,0,1,1,1,1,0
1647,gcrew_3,2,7,ka2,0,17,17,0,1,1,0,0,0
1648,gcrew_3,2,8,ca10,0,12,12,0,1,1,0,0,0
1649,gcrew_3,3,1,ca4,1,17,17,0,0,0,0,0,0
1650,gcrew_3,3,2,km2,0,25,25,0,1,0,0,0,0
1651,gcrew_3,3,3,cm8,1,0,0,0,0,0,0,0,0
1652,gcrew_3,3,4,b1,0,24,24,0,1,0,0,0,0
1653,gcrew_3,3,5,ca5,0,16,16,0,1,0,0,0,1
1654,gcrew_3,3,6,cm1,0,10,10,0,1,0,1,1,1
1655,gcrew_3,3,7,ca2,1,14,14,0,0,0,1,1,0
1656,gcrew_3,3,8,ka1,0,13,13,0,1,0,1,1,0
1657,gcrew_3,4,1,cm4,1,12,12,0,0,0,0,0,0
1658,gcrew_3,4,2,cm8,1,6,6,0,0,0,1,1,0
1659,gcrew_3,4,3,cm3,0,15,15,0,1,1,1,1,1
1660,gcrew_3,4,4,km3,0,9,9,0,1,1,0,0,0
1661,gcrew_3,4,5,cm6,0,26,26,0,1,1,0,0,1
1662,gcrew_3,4,6,b3,0,21,21,0,1,1,0,0,0
1663,gcrew_3,4,7,ca4,1,14,14,0,0,0,0,0,0
1664,gcrew_3,4,8,ca2,0,13,13,0,1,1,1,1,1
1665,gcrew_3,5,1,ca6,1,12,12,0,0,0,0,1,0
1666,gcrew_3,5,2,cm7,1,0,0,0,0,0,0,0,0
1667,gcrew_3,5,3,ca10,1,0,0,0,0,0,0,0,0
1668,gcrew_3,5,4,km6,0,0,0,0,0,0,0,0,0
1669,gcrew_3,5,5,ca5,0,0,0,0,0,0,0,0,0
1670,gcrew_3,5,6,ka4,0,0,0,0,0,0,0,0,0
1671,gcrew_3,5,7,cm3,0,0,0,0,0,0,0,0,0
1672,gcrew_3,5,8,cm9,0,0,0,0,0,0,0,0,0
1673,gcrew_3,6,1,ca4,1,0,0,0,0,0,0,0,0
1674,gcrew_3,6,2,ca10,0,0,0,0,0,0,0,0,0
1675,gcrew_3,6,3,cm4,1,0,0,0,0,0,0,0,0
1676,gcrew_3,6,4,km1,0,0,0,0,0,0,0,0,0
1677,gcrew_3,6,5,cm4,1,0,0,0,0,0,0,0,0
1678,gcrew_3,6,6,ka5,0,0,0,0,0,0,0,0,0
1679,gcrew_3,6,7,ca1,0,0,0,0,0,0,0,0,0
1680,gcrew_3,6,8,cm5,0,0,0,0,0,0,0,0,0
1681,gcrew_4,1,1,cm4,1,18,18,0,0,0,0,0,0
1682,gcrew_4,1,2,ca6,1,10,10,0,0,0,0,0,0
1683,gcrew_4,1,3,ka2,1,21,21,0,0,0,0,0,0
1684,gcrew_4,1,4,cm3,0,13,13,0,1,0,1,1,0
1685,gcrew_4,1,5,cm7,0,8,8,0,1,0,0,0,0
1686,gcrew_4,1,6,km3,0,14,14,0,1,0,0,0,0
1687,gcrew_4,1,7,b2,0,20,20,0,1,0,0,0,0
1688,gcrew_4,1,8,ca2,0,28,28,0,1,0,0,0,0
1689,gcrew_4,2,1,ca5,0,15,15,0,1,1,0,0,0
1690,gcrew_4,2,2,cm10,0,9,9,0,1,1,1,1,0
1691,gcrew_4,2,3,cm5,0,22,22,0,1,1,0,0,0
1692,gcrew_4,2,4,ca7,1,9,9,0,0,0,0,0,0
1693,gcrew_4,2,5,b2,0,8,8,0,1,1,0,0,0
1694,gcrew_4,2,6,ca1,1,12,12,0,0,0,0,0,0
1695,gcrew_4,2,7,km2,0,28,28,0,1,1,0,0,0
1696,gcrew_4,2,8,ka1,0,0,0,0,1,1,0,0,0
1697,gcrew_4,3,1,ca4,1,5,5,0,0,0,0,0,0
1698,gcrew_4,3,2,ka4,0,40,40,0,1,0,0,0,0
1699,gcrew_4,3,3,b3,0,25,25,0,1,0,0,0,0
1700,gcrew_4,3,4,ca4,0,23,23,0,1,0,0,0,1
1801,gcrew_4,3,5,ca10,0,8,8,0,1,0,0,0,1
1802,gcrew_4,3,6,cm8,0,28,28,0,1,0,0,0,1
1803,gcrew_4,3,7,cm2,1,0,0,0,0,0,0,0,0
1804,gcrew_4,3,8,cm9,1,24,24,0,0,0,1,1,0
1805,gcrew_4,4,1,km1,0,8,8,0,1,1,1,1,0
1806,gcrew_4,4,2,ca3,0,14,14,0,1,1,0,0,1
1807,gcrew_4,4,3,ca2,1,13,13,0,0,0,0,0,0
1808,gcrew_4,4,4,b2,0,16,16,0,1,1,1,1,0
1809,gcrew_4,4,5,cm10,0,0,0,0,1,1,0,0,1
1810,gcrew_4,4,6,ca5,1,15,15,0,0,0,1,1,0
1811,gcrew_4,4,7,cm2,0,19,19,0,1,1,0,0,1
1812,gcrew_4,4,8,cm5,1,7,7,0,0,0,0,0,0
1813,gcrew_4,5,1,cm6,0,15,15,0,0,0,0,1,0
1814,gcrew_4,5,2,ca3,0,0,0,0,0,0,0,0,0
1815,gcrew_4,5,3,cm1,1,6,6,0,0,0,0,1,0
1816,gcrew_4,5,4,km2,0,11,11,0,0,0,0,1,0
1817,gcrew_4,5,5,ca9,0,0,0,0,0,0,0,0,0
1818,gcrew_4,5,6,ca7,1,16,16,0,0,0,0,1,0
1819,gcrew_4,5,7,ka5,0,0,0,0,0,0,0,0,0
1820,gcrew_4,5,8,cm9,1,0,0,0,0,0,0,0,0
1821,gcrew_4,6,1,b2,0,0,0,0,0,0,0,0,0
1822,gcrew_4,6,2,cm7,1,0,0,0,0,0,0,0,0
1823,gcrew_4,6,3,cm10,0,0,0,0,0,0,0,0,0
1824,gcrew_4,6,4,cm4,0,0,0,0,0,0,0,0,0
1825,gcrew_4,6,5,ca10,1,0,0,0,0,0,0,0,0
1826,gcrew_4,6,6,ca4,0,0,0,0,0,0,0,0,0
1827,gcrew_4,6,7,ca10,1,0,0,0,0,0,0,0,0
1828,gcrew_4,6,8,ka3,0,0,0,0,0,0,0,0,0
1829,gcrew_5,1,1,cm8,0,0,0,0,1,0,0,0,0
1830,gcrew_5,1,2,ca7,0,7,7,0,1,0,0,0,0
1831,gcrew_5,1,3,km6,0,0,0,0,1,0,0,0,0
1832,gcrew_5,1,4,cm10,0,9,9,0,1,0,0,0,0
1833,gcrew_5,1,5,cm6,1,5,5,0,0,0,0,0,0
1834,gcrew_5,1,6,ca3,1,7,7,0,0,0,0,0,0
1835,gcrew_5,1,7,ka5,0,13,13,0,1,0,0,0,0
1836,gcrew_5,1,8,ca4,1,8,8,0,0,0,0,0,0
1837,gcrew_5,2,1,ca10,0,19,19,0,1,1,0,0,0
1838,gcrew_5,2,2,km5,0,11,11,0,1,1,1,1,0
1839,gcrew_5,2,3,cm7,0,11,11,0,1,1,0,0,0
1840,gcrew_5,2,4,ca4,0,27,27,0,1,1,0,0,0
1841,gcrew_5,2,5,cm8,1,9,9,0,0,0,0,0,0
1842,gcrew_5,2,6,ka6,0,12,12,0,1,1,0,0,0
1843,gcrew_5,2,7,ca8,1,14,14,0,0,0,1,1,0
1844,gcrew_5,2,8,cm4,1,11,11,0,0,0,0,0,0
1845,gcrew_5,3,1,km6,0,22,22,0,1,1,1,1,0
1846,gcrew_5,3,2,b2,0,17,17,0,1,1,0,0,0
1847,gcrew_5,3,3,ca1,1,24,24,0,0,0,1,1,0
1848,gcrew_5,3,4,ka6,0,19,19,0,1,1,1,1,0
1849,gcrew_5,3,5,cm4,0,18,18,0,1,1,1,1,1
1850,gcrew_5,3,6,cm4,1,7,7,0,0,0,1,1,0
1851,gcrew_5,3,7,ca5,0,23,23,0,1,1,1,1,1
1852,gcrew_5,3,8,ca2,1,25,25,0,0,1,0,0,0
1853,gcrew_5,4,1,cm1,0,9,9,0,1,1,0,0,1
1854,gcrew_5,4,2,ca6,1,0,0,0,0,1,0,0,0
1855,gcrew_5,4,3,ca10,0,0,0,0,1,1,0,0,1
1856,gcrew_5,4,4,ka2,0,14,14,0,1,1,0,0,0
1857,gcrew_5,4,5,km3,0,0,0,0,1,1,0,0,0
1858,gcrew_5,4,6,cm10,1,0,0,0,0,0,0,0,0
1859,gcrew_5,4,7,cm7,0,0,0,0,1,1,0,0,1
1860,gcrew_5,4,8,ca4,0,22,22,0,1,1,1,1,1
1861,gcrew_5,5,1,km3,0,0,0,0,0,0,0,0,0
1862,gcrew_5,5,2,ca5,0,0,0,0,0,0,0,0,0
1863,gcrew_5,5,3,cm3,0,0,0,0,0,0,0,0,0
1864,gcrew_5,5,4,cm4,1,0,0,0,0,0,0,0,0
1865,gcrew_5,5,5,cm10,0,0,0,0,0,0,0,0,0
1866,gcrew_5,5,6,ca1,1,0,0,0,0,0,0,0,0
1867,gcrew_5,5,7,ca10,1,0,0,0,0,0,0,0,0
1868,gcrew_5,5,8,b3,0,0,0,0,0,0,0,0,0
1869,gcrew_5,6,1,cm6,0,0,0,0,0,0,0,0,0
1870,gcrew_5,6,2,ka4,0,0,0,0,0,0,0,0,0
1871,gcrew_5,6,3,cm10,1,0,0,0,0,0,0,0,0
1872,gcrew_5,6,4,ca4,0,0,0,0,0,0,0,0,0
1873,gcrew_5,6,5,cm3,1,1,1,0,0,0,0,1,0
1874,gcrew_5,6,6,b1,0,0,0,0,0,0,0,0,0
1875,gcrew_5,6,7,ca3,0,2,2,0,0,0,0,1,0
1876,gcrew_5,6,8,ca6,1,0,0,0,0,0,0,0,0
1877,gcrew_6,1,1,km3,0,13,13,0,1,0,0,0,0
1878,gcrew_6,1,2,cm10,0,0,0,0,1,0,0,0,0
1879,gcrew_6,1,3,cm1,1,5,5,0,0,0,0,0,0
1880,gcrew_6,1,4,b2,0,9,9,0,1,0,0,0,0
1881,gcrew_6,1,5,cm4,1,3,3,0,0,0,1,1,0
1882,gcrew_6,1,6,ca4,1,3,3,0,0,0,0,0,0
1883,gcrew_6,1,7,ka5,0,0,0,0,1,0,0,0,0
1884,gcrew_6,1,8,ca6,0,12,12,0,1,0,1,1,0
1885,gcrew_6,2,1,ca7,1,9,9,0,0,0,0,0,0
1886,gcrew_6,2,2,cm4,0,16,16,0,1,1,0,0,0
1887,gcrew_6,2,3,ca10,0,16,16,0,1,1,0,0,0
1888,gcrew_6,2,4,ka5,0,16,16,0,1,1,1,1,0
1889,gcrew_6,2,5,km4,0,13,13,0,1,1,0,0,0
1890,gcrew_6,2,6,cm3,1,10,10,0,0,0,0,0,0
1891,gcrew_6,2,7,ca4,0,13,13,0,1,1,0,0,0
1892,gcrew_6,2,8,cm5,1,13,13,0,0,0,0,0,0
1893,gcrew_6,3,1,km1,0,0,0,0,1,0,0,0,0
1894,gcrew_6,3,2,cm7,0,9,9,0,1,0,1,1,1
1895,gcrew_6,3,3,cm5,1,18,18,0,0,0,1,1,0
1896,gcrew_6,3,4,ca3,1,8,8,0,0,0,0,0,0
1897,gcrew_6,3,5,ca9,1,4,4,0,0,0,0,0,0
1898,gcrew_6,3,6,cm4,0,14,14,0,1,0,0,0,1
1899,gcrew_6,3,7,ca6,0,13,13,0,1,0,0,0,1
1930,gcrew_6,3,8,ka4,0,24,24,0,1,0,0,0,0
1931,gcrew_6,4,1,cm3,1,4,4,0,0,0,0,0,0
1932,gcrew_6,4,2,cm6,0,15,15,0,1,1,0,0,1
1933,gcrew_6,4,3,cm2,1,18,18,0,0,0,0,0,0
1934,gcrew_6,4,4,b4,0,3,3,0,1,1,0,0,0
1935,gcrew_6,4,5,ca5,1,15,15,0,0,0,0,0,0
1936,gcrew_6,4,6,ca1,0,1,1,0,1,1,0,0,1
1937,gcrew_6,4,7,km6,0,17,17,0,1,1,0,0,0
1938,gcrew_6,4,8,ca10,0,11,11,0,1,1,0,0,1
1939,gcrew_6,5,1,km2,0,0,0,0,1,0,0,0,0
1940,gcrew_6,5,2,ca1,1,0,0,0,0,0,0,0,0
1941,gcrew_6,5,3,cm6,0,0,0,0,0,0,0,0,0
1942,gcrew_6,5,4,cm3,0,0,0,0,0,0,0,0,0
1943,gcrew_6,5,5,ca7,1,0,0,0,0,0,0,0,0
1944,gcrew_6,5,6,cm5,1,4,4,0,0,0,0,1,0
1945,gcrew_6,6,1,ka6,0,0,0,0,0,0,0,0,0
1946,gcrew_6,6,2,ca8,0,0,0,0,0,0,0,0,0
1947,gcrew_6,6,3,b3,0,0,0,0,0,0,0,0,0
1948,gcrew_6,6,4,cm2,1,0,0,0,0,0,0,0,0
1949,gcrew_6,6,5,cm9,0,0,0,0,0,0,0,0,0
1950,gcrew_6,6,6,ca3,0,0,0,0,0,0,0,0,0
1951,gcrew_6,6,7,km5,0,0,0,0,0,0,0,0,0
1952,gcrew_6,6,8,ca5,1,0,0,0,0,0,0,0,0
1953,gcrew_7,1,1,ca10,0,24,24,0,0,0,0,0,0
1954,gcrew_7,1,2,cm3,1,7,7,0,0,0,0,0,0
1955,gcrew_7,1,3,cm4,0,5,5,0,0,0,0,0,0
1956,gcrew_7,1,4,km1,0,24,24,0,0,0,0,0,0
1957,gcrew_7,1,5,ca7,1,13,13,0,0,0,0,0,0
1958,gcrew_7,1,6,b2,0,0,0,0,0,0,0,0,0
1959,gcrew_7,1,7,ca5,0,5,5,0,0,0,0,0,0
1960,gcrew_7,1,8,b1,0,27,27,0,0,0,1,1,0
1961,gcrew_7,2,1,b3,0,20,20,0,0,0,0,0,0
1962,gcrew_7,2,2,cm1,0,19,19,0,0,0,0,0,0
1963,gcrew_7,2,3,ca6,0,16,16,0,0,0,0,0,0
1964,gcrew_7,2,4,cm7,0,17,17,0,0,0,0,0,0
1965,gcrew_7,2,5,ca3,1,10,10,0,0,0,0,0,0
1966,gcrew_7,2,6,km2,0,14,14,0,0,0,1,1,0
1967,gcrew_7,2,7,cm10,1,0,0,0,0,0,0,0,0
1968,gcrew_7,2,8,ca9,1,5,5,0,0,0,1,1,0
1969,gcrew_7,3,1,b4,0,21,21,0,0,0,0,0,0
1970,gcrew_7,3,2,cm2,1,0,0,0,0,0,0,0,0
1971,gcrew_7,3,3,cm5,0,31,31,0,0,0,0,0,1
1972,gcrew_7,3,4,km5,0,27,27,0,0,0,0,0,0
1973,gcrew_7,3,5,cm9,1,23,23,0,0,0,0,0,0
1974,gcrew_7,3,6,ca7,0,33,33,0,0,0,0,0,1
1975,gcrew_7,3,7,ka2,0,0,0,0,0,0,0,0,0
1976,gcrew_7,3,8,ca4,1,21,21,0,0,0,0,0,0
1977,gcrew_7,4,1,ca6,0,12,12,0,0,0,0,0,1
1978,gcrew_7,4,2,ca4,1,7,7,0,0,0,0,0,0
1979,gcrew_7,4,3,cm5,0,19,19,0,0,0,0,0,1
1980,gcrew_7,4,4,cm6,1,24,24,0,0,0,0,0,0
1981,gcrew_7,4,5,ca8,1,30,30,0,0,0,0,0,0
1982,gcrew_7,4,6,km3,0,20,20,0,0,0,0,0,0
1983,gcrew_7,4,7,cm9,0,25,25,0,0,0,1,1,1
1984,gcrew_7,4,8,ka4,0,0,0,0,0,0,0,0,0
1985,gcrew_7,5,1,ca10,0,0,0,0,0,0,0,0,0
1986,gcrew_7,5,2,ka6,0,5,5,0,0,0,0,1,0
1987,gcrew_7,5,3,cm2,1,3,3,0,0,0,0,1,0
1988,gcrew_7,5,4,b2,0,0,0,0,0,0,0,0,0
1989,gcrew_7,5,5,cm10,0,8,8,0,0,0,0,1,0
1990,gcrew_7,5,6,cm4,1,16,16,0,0,0,0,1,0
1991,gcrew_7,5,7,ca6,1,12,12,0,0,0,0,1,0
1992,gcrew_7,5,8,ca4,0,8,8,0,0,0,0,1,0
1993,gcrew_7,6,1,cm8,1,0,0,0,0,0,0,0,0
1994,gcrew_7,6,2,cm10,0,0,0,0,0,0,0,0,0
1995,gcrew_7,6,3,cm1,0,0,0,0,0,0,0,0,0
1996,gcrew_7,6,4,ca7,0,4,4,0,0,0,0,1,0
1997,gcrew_7,6,5,ca10,1,0,0,0,0,0,0,0,0
1998,gcrew_7,6,6,ca2,1,3,3,0,0,0,0,1,0
1999,gcrew_7,6,7,ka3,0,0,0,0,0,0,0,0,0
2000,gcrew_7,6,8,km5,0,0,0,0,0,0,0,0,0