genotype,genotype_code,location,depth,cohort,origin,date_cloned,date_planted,date_planted_sp,weight,width,nodes,initial_frame,position,site_frame,co2,comp,salinity,flood_level,notes
cm4,C2AT-9,corn,0,corn_modern,utk,6/19/19,6/25/19,6/13/19,0.472,1.27,2,7,1,fresh_1,ambient,1,fresh,1,
ka5,156,kirkpatrick,20,kirk_ancestral,nd,6/19/19,6/25/19,NA,0.611,1.77,2,7,2,fresh_1,ambient,0,fresh,1,
b3,235,blackwater,8,blackwater,nd,6/9/19,6/13/19,NA,0.618,2.46,1,7,3,fresh_1,ambient,0,fresh,1,
cm3,C4AS-7,corn,0,corn_modern,utk,5/27/19,6/13/19,NA,0.153,1.07,1,7,4,fresh_1,ambient,0,fresh,1,
ca1,C4BH-6,corn,20.75,corn_ancestral,utk,5/27/19,6/13/19,NA,0.437,1.24,1,7,5,fresh_1,ambient,0,fresh,1,
cm1,C4AS-8,corn,0,corn_modern,utk,5/27/19,6/13/19,NA,0.656,1.33,1,7,6,fresh_1,ambient,0,fresh,1,
km5,159,kirkpatrick,extant,kirk_modern,nd,6/9/19,6/13/19,NA,1.069,1.81,1,7,7,fresh_1,ambient,0,fresh,1,
ca7,C4BH-7,corn,20.75,corn_ancestral,utk,5/27/19,6/13/19,6/13/19,0.842,1.85,1,7,8,fresh_1,ambient,1,fresh,1,
cm6,C4AS-5,corn,0,corn_modern,utk,5/27/19,6/13/19,6/13/19,0.582,1.37,1,7,1,fresh_1,ambient,1,fresh,2,
cm10,139,corn,0,corn_modern,nd,5/27/19,6/13/19,NA,0.942,2.64,1,7,2,fresh_1,ambient,0,fresh,2,
cm2,C4AS-4,corn,0,corn_modern,utk,5/27/19,6/13/19,NA,0.978,1.98,1,7,3,fresh_1,ambient,0,fresh,2,
ca4,cm4,corn,20.75,corn_ancestral,utk,5/27/19,6/13/19,6/13/19,0.456,1.69,1,7,4,fresh_1,ambient,1,fresh,2,
ca8,130,corn,15,corn_ancestral,nd,5/27/19,6/13/19,6/25/19,0.934,4.27,1,7,5,fresh_1,ambient,1,fresh,2,
km6,141,kirkpatrick,0,kirk_modern,nd,6/9/19,6/13/19,NA,1.278,1.52,1,7,6,fresh_1,ambient,0,fresh,2,
ka4,153,kirkpatrick,20,kirk_ancestral,nd,5/27/19,6/13/19,NA,0.709,2.09,2,7,7,fresh_1,ambient,0,fresh,2,
ca7,C4BH-7,corn,20.75,corn_ancestral,utk,6/10/19,6/13/19,NA,2.133,1.76,1,7,8,fresh_1,ambient,0,fresh,2,
cm7,C4AS-13,corn,0,corn_modern,utk,5/27/19,6/13/19,NA,0.909,0.94,1,7,1,fresh_1,ambient,0,fresh,3,
ca8,130,corn,15,corn_ancestral,nd,5/27/19,6/13/19,6/13/19,0.831,1.79,1,7,2,fresh_1,ambient,1,fresh,3,
ca6,C4BH-3,corn,20.75,corn_ancestral,utk,6/9/19,6/13/19,NA,2.181,2.51,2,7,3,fresh_1,ambient,0,fresh,3,
cm5,C4AS-2,corn,0,corn_modern,utk,6/9/19,6/13/19,NA,0.545,1.19,1,7,4,fresh_1,ambient,0,fresh,3,
ka6,Flat 3 B5 MD2 16-18,kirkpatrick,16,kirk_ancestral,utk,6/19/19,6/25/19,NA,1.025,1.67,1,7,5,fresh_1,ambient,0,fresh,3,
cm1,C4AS-8,corn,0,corn_modern,utk,6/9/19,6/13/19,6/25/19,1.532,2,1,7,6,fresh_1,ambient,1,fresh,3,
km2,KM1B1Q-5,kirkpatrick,0,kirk_modern,utk,5/27/19,6/13/19,NA,0.77,1.48,1,7,7,fresh_1,ambient,0,fresh,3,
ca5,C4BI-5,corn,18.75,corn_ancestral,utk,5/27/19,6/13/19,6/13/19,0.413,1.32,1,7,8,fresh_1,ambient,1,fresh,3,
ca10,138,corn,16.75,corn_ancestral,nd,6/19/19,6/25/19,6/14/19,1.048,2.23,2,7,1,fresh_1,ambient,1,fresh,4,
ca4,C4BH-11,corn,20.75,corn_ancestral,utk,5/27/19,6/14/19,NA,0.88,1.88,1,7,2,fresh_1,ambient,0,fresh,4,
km1,KM1B1Q-3,kirkpatrick,0,kirk_modern,utk,5/27/19,6/14/19,NA,2.347,1.88,1,7,3,fresh_1,ambient,0,fresh,4,
cm8,127,corn,0,corn_modern,nd,6/9/19,6/14/19,6/14/19,1.45,1.39,1,7,4,fresh_1,ambient,1,fresh,4,
ca3,C4BI-6,corn,18.75,corn_ancestral,utk,5/27/19,6/14/19,6/14/19,1.361,0.75,1,7,5,fresh_1,ambient,1,fresh,4,
cm4,C2AT-9,corn,0,corn_modern,utk,5/27/19,6/14/19,NA,0.2,1.44,1,7,6,fresh_1,ambient,0,fresh,4,
cm3,C4AS-7,corn,0,corn_modern,utk,5/27/19,6/14/19,NA,1.507,1.92,1,7,7,fresh_1,ambient,0,fresh,4,
b2,191,blackwater,10,blackwater,nd,5/27/19,6/14/19,NA,0.375,2.33,1,7,8,fresh_1,ambient,0,fresh,4,
ca2,C4BI-7,corn,18.75,corn_ancestral,utk,6/9/19,6/14/19,6/14/19,1.395,1.48,1,7,1,fresh_1,ambient,1,fresh,5,
cm7,C4AS-13,corn,0,corn_modern,utk,5/27/19,6/14/19,6/14/19,0.347,1.11,1,7,2,fresh_1,ambient,1,fresh,5,
ca9,133,corn,14.25,corn_ancestral,nd,6/9/19,6/14/19,NA,1.039,1.9,1,7,3,fresh_1,ambient,0,fresh,5,
ka2,146,kirkpatrick,14,kirk_ancestral,nd,5/27/19,6/14/19,NA,2.404,1.84,1,7,4,fresh_1,ambient,0,fresh,5,
cm9,128,corn,0,corn_modern,nd,5/27/19,6/14/19,6/14/19,1.095,4.12,1,7,5,fresh_1,ambient,1,fresh,5,
km5,159,kirkpatrick,extant,kirk_modern,nd,6/19/19,6/25/19,NA,1.534,3.49,2,7,6,fresh_1,ambient,0,fresh,5,
ca10,138,corn,16.75,corn_ancestral,nd,5/27/19,6/14/19,NA,0.401,1.89,1,7,7,fresh_1,ambient,0,fresh,5,
cm6,C4AS-5,corn,0,corn_modern,utk,6/9/19,6/14/19,NA,2.505,1.9,1,7,8,fresh_1,ambient,0,fresh,5,
b4,217,blackwater,10,blackwater,nd,5/27/19,6/14/19,NA,0.709,1.89,2,7,1,fresh_1,ambient,0,fresh,6,
km3,KM1B1Q-1,kirkpatrick,0,kirk_modern,utk,5/27/19,6/14/19,NA,0.324,1.87,1,7,2,fresh_1,ambient,0,fresh,6,
ka1,Flat 3 D2 MD1 18-20,kirkpatrick,18,kirk_ancestral,utk,5/27/19,6/14/19,NA,1.026,1.17,1,7,3,fresh_1,ambient,0,fresh,6,"
"
cm10,139,corn,0,corn_modern,nd,5/27/19,6/14/19,6/14/19,1.196,4.12,1,7,4,fresh_1,ambient,1,fresh,6,
ca1,C4BH-6,corn,20.75,corn_ancestral,utk,6/9/19,6/14/19,NA,2.28,1.11,1,7,5,fresh_1,ambient,0,fresh,6,
ca10,138,corn,16.75,corn_ancestral,nd,6/9/19,6/14/19,6/14/19,2.174,1.74,2,7,6,fresh_1,ambient,1,fresh,6,
cm2,C4AS-4,corn,0,corn_modern,utk,5/27/19,6/14/19,NA,0.75,1.52,1,7,7,fresh_1,ambient,0,fresh,6,
ca2,C4BI-7,corn,18.75,corn_ancestral,utk,5/27/19,6/14/19,6/14/19,0.495,0.89,1,7,8,fresh_1,ambient,1,fresh,6,
cm1,C4AS-8,corn,0,corn_modern,utk,5/28/19,6/13/19,6/13/19,0.188,1.04,1,13,1,fresh_2,elevated,1,fresh,1,
ca6,C4BH-3,corn,20.75,corn_ancestral,utk,5/28/19,6/13/19,6/13/19,0.859,2.08,1,13,2,fresh_2,elevated,1,fresh,1,
km2,KM1B1Q-5,kirkpatrick,0,kirk_modern,utk,6/9/19,6/13/19,NA,2.045,3.97,1,13,3,fresh_2,elevated,0,fresh,1,
ca3,C4BI-6,corn,18.75,corn_ancestral,utk,5/28/19,6/13/19,NA,0.574,0.98,1,13,4,fresh_2,elevated,0,fresh,1,
ka6,Flat 3 B5 MD2 16-18,kirkpatrick,16,kirk_ancestral,utk,5/28/19,6/13/19,NA,0.13,1.2,1,13,5,fresh_2,elevated,0,fresh,1,
ca7,C4BH-7,corn,20.75,corn_ancestral,utk,5/28/19,6/13/19,NA,0.594,2.07,1,13,6,fresh_2,elevated,0,fresh,1,
cm7,C4AS-13,corn,0,corn_modern,utk,5/28/19,6/13/19,6/13/19,0.443,1.02,1,13,7,fresh_2,elevated,1,fresh,1,
cm6,C4AS-5,corn,0,corn_modern,utk,6/9/19,6/13/19,NA,2.575,1.96,1,13,8,fresh_2,elevated,0,fresh,1,
cm7,C4AS-13,corn,0,corn_modern,utk,5/28/19,6/13/19,NA,0.309,1.87,2,13,1,fresh_2,elevated,0,fresh,2,
cm8,127,corn,0,corn_modern,nd,5/28/19,6/13/19,6/13/19,0.654,2.88,1,13,2,fresh_2,elevated,1,fresh,2,
ka4,153,kirkpatrick,20,kirk_ancestral,nd,6/9/19,6/13/19,NA,1.151,1.57,2,13,3,fresh_2,elevated,0,fresh,2,
ca1,C4BH-6,corn,20.75,corn_ancestral,utk,5/28/19,6/13/19,6/13/19,0.909,1.31,1,13,4,fresh_2,elevated,1,fresh,2,
ca6,C4BH-3,corn,20.75,corn_ancestral,utk,5/28/19,6/13/19,6/13/19,0.805,2.25,1,13,5,fresh_2,elevated,1,fresh,2,
ca5,C4BI-5,corn,18.75,corn_ancestral,utk,6/9/19,6/13/19,NA,1.567,1.54,1,13,6,fresh_2,elevated,0,fresh,2,
cm10,139,corn,0,corn_modern,nd,6/19/19,6/25/19,NA,0.992,2.36,2,13,7,fresh_2,elevated,0,fresh,2,
km3,KM1B1Q-1,kirkpatrick,0,kirk_modern,utk,5/28/19,6/13/19,NA,0.676,1.49,1,13,8,fresh_2,elevated,0,fresh,2,
b2,191,blackwater,10,blackwater,nd,6/19/19,6/25/19,NA,0.756,2.33,2,13,1,fresh_2,elevated,0,fresh,3,
km5,159,kirkpatrick,extant,kirk_modern,nd,5/28/19,6/14/19,NA,0.975,3.21,1,13,2,fresh_2,elevated,0,fresh,3,
ca8,130,corn,15,corn_ancestral,nd,6/9/19,6/14/19,NA,1.344,2.75,2,13,3,fresh_2,elevated,0,fresh,3,
ka6,Flat 3 B5 MD2 16-18,kirkpatrick,16,kirk_ancestral,utk,5/28/19,6/14/19,NA,0.624,2.53,1,13,4,fresh_2,elevated,0,fresh,3,
ca4,C4BH-11,corn,20.75,corn_ancestral,utk,5/28/19,6/14/19,6/14/19,0.718,1.52,1,13,5,fresh_2,elevated,1,fresh,3,
ca2,C4BI-7,corn,18.75,corn_ancestral,utk,5/28/19,6/14/19,NA,1.063,1.86,2,13,6,fresh_2,elevated,0,fresh,3,
cm2,C4AS-4,corn,0,corn_modern,utk,6/9/19,6/14/19,6/14/19,0.603,0.96,1,13,7,fresh_2,elevated,1,fresh,3,
cm4,C2AT-9,corn,0,corn_modern,utk,5/28/19,6/14/19,NA,0.56,1.4,2,13,8,fresh_2,elevated,0,fresh,3,
ca7,C4BH-7,corn,20.75,corn_ancestral,utk,6/9/19,6/14/19,NA,1.319,1.81,1,13,1,fresh_2,elevated,0,fresh,4,
ka3,14-16D,kirkpatrick,14,kirk_ancestral,utk,6/9/19,6/14/19,NA,3.726,1.9,1,13,2,fresh_2,elevated,0,fresh,4,UTK
cm10,139,corn,0,corn_modern,nd,5/28/19,6/14/19,NA,1.213,4.12,1,13,3,fresh_2,elevated,0,fresh,4,
ca5,C4BI-5,corn,18.75,corn_ancestral,utk,6/9/19,6/14/19,6/14/19,2.803,1.12,1,13,4,fresh_2,elevated,1,fresh,4,
km4,155,kirkpatrick,extant,kirk_modern,nd,6/9/19,6/14/19,NA,0.832,2.06,3,13,5,fresh_2,elevated,0,fresh,4,
ca4,C4BH-11,corn,20.75,corn_ancestral,utk,6/19/19,6/25/19,6/14/19,1.273,1.86,1,13,6,fresh_2,elevated,1,fresh,4,
cm4,C2AT-9,corn,0,corn_modern,utk,6/19/19,6/25/19,6/14/19,0.707,1.75,2,13,7,fresh_2,elevated,1,fresh,4,
cm2,C4AS-4,corn,0,corn_modern,utk,5/28/19,6/14/19,NA,0.188,0.98,2,13,8,fresh_2,elevated,0,fresh,4,
km4,155,kirkpatrick,extant,kirk_modern,nd,6/9/19,6/14/19,NA,2.624,3.06,1,13,1,fresh_2,elevated,0,fresh,5,
ca9,133,corn,14.25,corn_ancestral,nd,6/9/19,6/14/19,6/14/19,1.861,1.69,1,13,2,fresh_2,elevated,1,fresh,5,
ca4,C4BH-11,corn,20.75,corn_ancestral,utk,5/28/19,6/14/19,NA,0.417,2.04,1,13,3,fresh_2,elevated,0,fresh,5,
ca10,138,corn,16.75,corn_ancestral,nd,5/28/19,6/14/19,NA,0.633,3.35,2,13,4,fresh_2,elevated,0,fresh,5,
cm10,139,corn,0,corn_modern,nd,6/19/19,6/25/19,NA,1.789,3.44,1,13,5,fresh_2,elevated,0,fresh,5,
cm3,C4AS-7,corn,0,corn_modern,utk,6/9/19,6/14/19,6/14/19,0.531,1.39,1,13,6,fresh_2,elevated,1,fresh,5,
b1,219,blackwater,2,blackwater,nd,5/28/19,6/14/19,NA,1.147,3.09,1,13,7,fresh_2,elevated,0,fresh,5,
cm6,C4AS-5,corn,0,corn_modern,utk,5/28/19,6/14/19,6/14/19,0.781,1.21,1,13,8,fresh_2,elevated,1,fresh,5,
ca8,130,corn,15,corn_ancestral,nd,5/28/19,6/14/19,6/14/19,0.977,5.13,1,13,1,fresh_2,elevated,1,fresh,6,
b2,191,blackwater,10,blackwater,nd,6/19/19,6/25/19,NA,0.558,2.21,1,13,2,fresh_2,elevated,0,fresh,6,
cm10,139,corn,0,corn_modern,nd,6/19/19,6/25/19,6/14/19,1.341,3.65,1,13,3,fresh_2,elevated,1,fresh,6,
ca3,C4BI-6,corn,18.75,corn_ancestral,utk,6/9/19,6/14/19,NA,1.76,1.56,1,13,4,fresh_2,elevated,0,fresh,6,
cm9,128,corn,0,corn_modern,nd,6/9/19,6/14/19,NA,3.608,2.17,1,13,5,fresh_2,elevated,0,fresh,6,
ka2,14-16E,kirkpatrick,14,kirk_ancestral,utk,6/9/19,6/14/19,NA,0.984,1.71,1,13,6,fresh_2,elevated,0,fresh,6,UTK
ca1,C4BH-6,corn,20.75,corn_ancestral,utk,5/28/19,6/14/19,6/14/19,1.325,1.88,1,13,7,fresh_2,elevated,1,fresh,6,
cm4,C2AT-9,corn,0,corn_modern,utk,5/28/19,6/14/19,NA,2.469,1.86,1,13,8,fresh_2,elevated,0,fresh,6,
km4,155,kirkpatrick,extant,kirk_modern,nd,5/22/19,6/13/19,NA,1.136,3.25,1,1,1,fresh_3,ambient,0,fresh,1,
cm8,127,corn,0,corn_modern,nd,5/22/19,6/13/19,NA,0.667,2.29,2,1,2,fresh_3,ambient,0,fresh,1,
cm7,C4AS-13,corn,0,corn_modern,utk,5/22/19,6/13/19,NA,0.968,1.55,1,1,3,fresh_3,ambient,0,fresh,1,
ca2,C4BI-7,corn,18.75,corn_ancestral,utk,6/9/19,6/13/19,6/13/19,2.91,2,1,1,4,fresh_3,ambient,1,fresh,1,
cm4,C2AT-9,corn,0,corn_modern,utk,6/19/19,6/25/19,6/13/19,0.501,1.58,1,1,5,fresh_3,ambient,1,fresh,1,
ca5,C4BI-5,corn,18.75,corn_ancestral,utk,5/22/19,6/13/19,NA,0.921,1.97,1,1,6,fresh_3,ambient,0,fresh,1,
ka3,143,kirkpatrick,14,kirk_ancestral,nd,6/10/19,6/13/19,NA,0.574,1.16,1,1,7,fresh_3,ambient,0,fresh,1,ND
ca8,130,corn,15,corn_ancestral,nd,5/22/19,6/13/19,6/13/19,0.353,2.66,1,1,8,fresh_3,ambient,1,fresh,1,
ka1,Flat 3 D2 MD1 18-20,kirkpatrick,18,kirk_ancestral,utk,5/22/19,6/13/19,NA,0.617,0.98,1,1,1,fresh_3,ambient,0,fresh,2,
cm7,C4AS-13,corn,0,corn_modern,utk,5/22/19,6/13/19,6/13/19,0.721,1.61,1,1,2,fresh_3,ambient,1,fresh,2,
ca1,C4BH-6,corn,20.75,corn_ancestral,utk,5/22/19,6/13/19,NA,0.993,1.35,2,1,3,fresh_3,ambient,0,fresh,2,
ca10,138,corn,16.75,corn_ancestral,nd,6/19/19,6/25/19,NA,1.721,2.31,2,1,4,fresh_3,ambient,0,fresh,2,
cm10,139,corn,0,corn_modern,nd,6/19/19,6/25/19,6/13/19,1.218,2.45,1,1,5,fresh_3,ambient,1,fresh,2,
km1,KM1B1Q-3,kirkpatrick,0,kirk_modern,utk,5/22/19,6/13/19,NA,0.618,1.61,2,1,6,fresh_3,ambient,0,fresh,2,
ca3,C4BI-6,corn,18.75,corn_ancestral,utk,5/22/19,6/13/19,6/13/19,0.782,2.87,2,1,7,fresh_3,ambient,1,fresh,2,
cm4,C2AT-9,corn,0,corn_modern,utk,5/22/19,6/13/19,NA,1.155,1.98,1,1,8,fresh_3,ambient,0,fresh,2,
km5,159,kirkpatrick,extant,kirk_modern,nd,6/19/19,6/25/19,NA,1.271,2.89,1,1,1,fresh_3,ambient,0,fresh,3,
cm4,C2AT-9,corn,0,corn_modern,utk,5/22/19,6/14/19,6/14/19,0.842,1.33,2,1,2,fresh_3,ambient,1,fresh,3,
cm2,C4AS-4,corn,0,corn_modern,utk,5/22/19,6/14/19,NA,1.097,1.88,2,1,3,fresh_3,ambient,0,fresh,3,
cm9,128,corn,0,corn_modern,nd,5/22/19,6/14/19,NA,0.904,2.48,2,1,4,fresh_3,ambient,0,fresh,3,
ka6,Flat 3 B5 MD2 16-18,kirkpatrick,16,kirk_ancestral,utk,5/22/19,6/14/19,NA,1.473,2.13,1,1,5,fresh_3,ambient,0,fresh,3,
ca3,C4BI-6,corn,18.75,corn_ancestral,utk,6/9/19,6/14/19,6/14/19,2.682,1.61,1,1,6,fresh_3,ambient,1,fresh,3,
ca9,133,corn,14.25,corn_ancestral,nd,6/9/19,6/14/19,6/14/19,1.28,2.3,1,1,7,fresh_3,ambient,1,fresh,3,
ca4,C4BH-11,corn,20.75,corn_ancestral,utk,5/22/19,6/14/19,NA,1.386,2,1,1,8,fresh_3,ambient,0,fresh,3,
cm1,C4AS-8,corn,0,corn_modern,utk,6/9/19,6/14/19,NA,1.145,1.48,1,1,1,fresh_3,ambient,0,fresh,4,
ca7,C4BH-7,corn,20.75,corn_ancestral,utk,5/22/19,6/14/19,6/14/19,1.495,1.86,1,1,2,fresh_3,ambient,1,fresh,4,
cm10,139,corn,0,corn_modern,nd,5/22/19,6/14/19,6/14/19,0.982,2.82,2,1,3,fresh_3,ambient,1,fresh,4,
ca10,138,corn,16.75,corn_ancestral,nd,5/22/19,6/14/19,NA,1.047,2.38,1,1,4,fresh_3,ambient,0,fresh,4,
ka2,14-16E,kirkpatrick,14,kirk_ancestral,utk,5/22/19,6/14/19,NA,0.668,1.59,1,1,5,fresh_3,ambient,0,fresh,4,
cm9,128,corn,0,corn_modern,nd,6/9/19,6/14/19,NA,2.211,4.01,2,1,6,fresh_3,ambient,0,fresh,4,
ca6,C4BH-3,corn,20.75,corn_ancestral,utk,5/22/19,6/14/19,NA,0.166,1.61,1,1,7,fresh_3,ambient,0,fresh,4,
b2,191,blackwater,10,blackwater,nd,5/22/19,6/14/19,NA,0.707,2.69,1,1,8,fresh_3,ambient,0,fresh,4,
ca5,C4BI-5,corn,18.75,corn_ancestral,utk,5/22/19,6/14/19,NA,1.131,0.92,2,1,1,fresh_3,ambient,0,fresh,5,
cm10,139,corn,0,corn_modern,nd,5/22/19,6/14/19,NA,0.74,2.09,2,1,2,fresh_3,ambient,0,fresh,5,
cm2,C4AS-4,corn,0,corn_modern,utk,5/22/19,6/14/19,6/14/19,2.141,1.78,2,1,3,fresh_3,ambient,1,fresh,5,
ca2,C4BI-7,corn,18.75,corn_ancestral,utk,5/22/19,6/14/19,6/14/19,0.475,1.6,1,1,4,fresh_3,ambient,1,fresh,5,
b4,217,blackwater,10,blackwater,nd,5/22/19,6/14/19,NA,0.722,2.14,1,1,5,fresh_3,ambient,0,fresh,5,
km3,KM1B1Q-1,kirkpatrick,0,kirk_modern,utk,5/22/19,6/14/19,NA,0.747,1.23,1,1,6,fresh_3,ambient,0,fresh,5,
ka5,156,kirkpatrick,20,kirk_ancestral,nd,5/22/19,6/14/19,NA,0.914,2.04,1,1,7,fresh_3,ambient,0,fresh,5,
cm8,127,corn,0,corn_modern,nd,5/22/19,6/14/19,6/14/19,0.826,2.32,2,1,8,fresh_3,ambient,1,fresh,5,
cm9,128,corn,0,corn_modern,nd,5/22/19,6/14/19,6/14/19,0.544,2.52,2,1,1,fresh_3,ambient,1,fresh,6,
ca4,C4BH-11,corn,20.75,corn_ancestral,utk,5/22/19,6/14/19,NA,2.019,1.76,1,1,2,fresh_3,ambient,0,fresh,6,
ca6,C4BH-3,corn,20.75,corn_ancestral,utk,5/22/19,6/14/19,6/14/19,1.022,2.15,1,1,3,fresh_3,ambient,1,fresh,6,
b3,235,blackwater,8,blackwater,nd,5/22/19,6/14/19,NA,0.468,2.18,3,1,4,fresh_3,ambient,0,fresh,6,
km2,KM1B1Q-5,kirkpatrick,0,kirk_modern,utk,5/22/19,6/14/19,NA,0.592,1.36,1,1,5,fresh_3,ambient,0,fresh,6,
cm1,C4AS-8,corn,0,corn_modern,utk,5/22/19,6/14/19,6/14/19,0.771,1.3,1,1,6,fresh_3,ambient,1,fresh,6,
cm4,C2AT-9,corn,0,corn_modern,utk,6/19/19,6/25/19,NA,0.179,1.37,2,1,7,fresh_3,ambient,0,fresh,6,
ca10,138,corn,16.75,corn_ancestral,nd,6/19/19,6/25/19,NA,1.261,2.4,1,1,8,fresh_3,ambient,0,fresh,6,
ka6,Flat 3 B5 MD2 16-18,kirkpatrick,16,kirk_ancestral,utk,6/19/19,6/25/19,NA,0.738,1.52,1,5,1,fresh_4,ambient,0,fresh,1,
km6,141,kirkpatrick,0,kirk_modern,nd,5/22/19,6/13/19,NA,2.074,4.44,2,5,2,fresh_4,ambient,0,fresh,1,
b1,219,blackwater,2,blackwater,nd,5/22/19,6/13/19,NA,0.936,2.28,1,5,3,fresh_4,ambient,0,fresh,1,
ca9,133,corn,14.25,corn_ancestral,nd,6/9/19,6/13/19,6/13/19,0.999,2.35,1,5,4,fresh_4,ambient,1,fresh,1,
cm2,C4AS-4,corn,0,corn_modern,utk,6/9/19,6/13/19,NA,1.508,1.61,1,5,5,fresh_4,ambient,0,fresh,1,
ca3,C4BI-6,corn,18.75,corn_ancestral,utk,6/10/19,6/13/19,NA,1.673,1.93,1,5,6,fresh_4,ambient,0,fresh,1,
ca10,138,corn,16.75,corn_ancestral,nd,6/9/19,6/13/19,6/13/19,1.034,2.23,1,5,7,fresh_4,ambient,1,fresh,1,
cm10,139,corn,0,corn_modern,nd,6/19/19,6/25/19,6/13/19,0.999,2.64,1,5,8,fresh_4,ambient,1,fresh,1,
cm9,128,corn,0,corn_modern,nd,5/22/19,6/14/19,6/14/19,1.193,3.42,1,5,1,fresh_4,ambient,1,fresh,2,
cm7,C4AS-13,corn,0,corn_modern,utk,5/22/19,6/14/19,NA,1.503,1.18,1,5,2,fresh_4,ambient,0,fresh,2,
km5,159,kirkpatrick,extant,kirk_modern,nd,6/9/19,6/14/19,NA,1.078,1.3,1,5,3,fresh_4,ambient,0,fresh,2,
b2,191,blackwater,10,blackwater,nd,5/22/19,6/14/19,NA,1.132,2.14,1,5,4,fresh_4,ambient,0,fresh,2,
ca6,C4BH-3,corn,20.75,corn_ancestral,utk,5/22/19,6/14/19,NA,0.877,1.78,1,5,5,fresh_4,ambient,0,fresh,2,
ca8,130,corn,15,corn_ancestral,nd,6/9/19,6/14/19,NA,2.248,3.04,1,5,6,fresh_4,ambient,0,fresh,2,
ca10,138,corn,16.75,corn_ancestral,nd,5/22/19,6/14/19,6/14/19,0.418,1.55,1,5,7,fresh_4,ambient,1,fresh,2,
cm1,C4AS-8,corn,0,corn_modern,utk,5/22/19,6/14/19,6/14/19,0.367,1.84,1,5,8,fresh_4,ambient,1,fresh,2,
ka6,Flat 3 B5 MD2 16-18,kirkpatrick,16,kirk_ancestral,utk,5/22/19,6/14/19,NA,0.554,2.59,1,5,1,fresh_4,ambient,0,fresh,3,
ca10,138,corn,16.75,corn_ancestral,nd,5/22/19,6/14/19,6/14/19,0.792,1.95,1,5,2,fresh_4,ambient,1,fresh,3,
b4,217,blackwater,10,blackwater,nd,5/22/19,6/14/19,NA,0.919,1.97,1,5,3,fresh_4,ambient,0,fresh,3,
cm1,C4AS-8,corn,0,corn_modern,utk,6/9/19,6/14/19,NA,0.983,2.34,1,5,4,fresh_4,ambient,0,fresh,3,
ca2,C4BI-7,corn,18.75,corn_ancestral,utk,5/22/19,6/14/19,NA,1.16,1.04,1,5,5,fresh_4,ambient,0,fresh,3,
cm8,127,corn,0,corn_modern,nd,5/22/19,6/14/19,6/14/19,0.733,2.5,1,5,6,fresh_4,ambient,1,fresh,3,
km3,KM1B1Q-1,kirkpatrick,0,kirk_modern,utk,6/19/19,6/25/19,NA,1.068,1.36,1,5,7,fresh_4,ambient,0,fresh,3,
cm6,C4AS-5,corn,0,corn_modern,utk,6/9/19,6/14/19,6/14/19,1.267,1.51,1,5,8,fresh_4,ambient,1,fresh,3,
cm2,C4AS-4,corn,0,corn_modern,utk,6/9/19,6/14/19,6/14/19,0.64,1.41,1,5,1,fresh_4,ambient,1,fresh,4,
ca1,C4BH-6,corn,20.75,corn_ancestral,utk,6/9/19,6/14/19,NA,1.92,1.41,1,5,2,fresh_4,ambient,0,fresh,4,
ka3,14-16D,kirkpatrick,14,kirk_ancestral,utk,6/9/19,6/14/19,NA,2.402,1.65,2,5,3,fresh_4,ambient,0,fresh,4,UTK
km1,KM1B1Q-3,kirkpatrick,0,kirk_modern,utk,5/22/19,6/14/19,NA,2.242,1.74,1,5,4,fresh_4,ambient,0,fresh,4,
cm9,128,corn,0,corn_modern,nd,5/22/19,6/14/19,6/14/19,1.3,3.59,2,5,5,fresh_4,ambient,1,fresh,4,
cm5,C4AS-2,corn,0,corn_modern,utk,5/22/19,6/14/19,NA,1.33,1.72,1,5,6,fresh_4,ambient,0,fresh,4,
ca4,C4BH-11,corn,20.75,corn_ancestral,utk,6/19/19,6/25/19,6/14/19,0.964,1.93,1,5,7,fresh_4,ambient,1,fresh,4,
ca5,C4BI-5,corn,18.75,corn_ancestral,utk,5/22/19,6/14/19,NA,2.902,1.88,1,5,8,fresh_4,ambient,0,fresh,4,
ca4,C4BH-11,corn,20.75,corn_ancestral,utk,5/22/19,6/14/19,NA,0.909,1.44,2,5,1,fresh_4,ambient,0,fresh,5,
ca8,130,corn,15,corn_ancestral,nd,6/9/19,6/14/19,6/14/19,1.026,2.71,1,5,2,fresh_4,ambient,1,fresh,5,
cm4,C2AT-9,corn,0,corn_modern,utk,5/22/19,6/14/19,6/14/19,0.702,1.14,1,5,3,fresh_4,ambient,1,fresh,5,
b1,219,blackwater,2,blackwater,nd,5/22/19,6/14/19,NA,0.936,2.7,1,5,4,fresh_4,ambient,0,fresh,5,
cm3,C4AS-7,corn,0,corn_modern,utk,5/22/19,6/14/19,NA,0.468,1,1,5,5,fresh_4,ambient,0,fresh,5,
ka1,Flat 3 D2 MD1 18-20,kirkpatrick,18,kirk_ancestral,utk,5/22/19,6/14/19,NA,1.888,2.85,2,5,6,fresh_4,ambient,0,fresh,5,
ca1,C4BH-6,corn,20.75,corn_ancestral,utk,5/22/19,6/14/19,6/14/19,2.274,2.19,2,5,7,fresh_4,ambient,1,fresh,5,
cm8,127,corn,0,corn_modern,nd,5/22/19,6/14/19,NA,0.704,2.67,1,5,8,fresh_4,ambient,0,fresh,5,
ca3,C4BI-6,corn,18.75,corn_ancestral,utk,5/22/19,6/14/19,6/14/19,0.917,0.95,1,5,1,fresh_4,ambient,1,fresh,6,
km5,159,kirkpatrick,extant,kirk_modern,nd,6/19/19,6/25/19,NA,0.315,1.56,2,5,2,fresh_4,ambient,0,fresh,6,
cm6,C4AS-5,corn,0,corn_modern,utk,5/22/19,6/14/19,NA,1.788,2.04,1,5,3,fresh_4,ambient,0,fresh,6,
ca9,133,corn,14.25,corn_ancestral,nd,6/9/19,6/14/19,NA,0.414,1.26,2,5,4,fresh_4,ambient,0,fresh,6,
ka6,Flat 3 B5 MD2 16-18,kirkpatrick,16,kirk_ancestral,utk,6/19/19,6/25/19,NA,0.606,1.66,1,5,5,fresh_4,ambient,0,fresh,6,
ca7,C4BH-7,corn,20.75,corn_ancestral,utk,5/22/19,6/14/19,NA,2.853,1.76,1,5,6,fresh_4,ambient,0,fresh,6,
cm7,C4AS-13,corn,0,corn_modern,utk,6/9/19,6/14/19,6/14/19,1.898,3.92,2,5,7,fresh_4,ambient,1,fresh,6,
cm3,C4AS-7,corn,0,corn_modern,utk,6/9/19,6/14/19,6/14/19,0.215,1.49,1,5,8,fresh_4,ambient,1,fresh,6,
ca10,138,corn,16.75,corn_ancestral,nd,5/28/19,6/13/19,6/13/19,0.499,2.01,1,11,1,fresh_5,elevated,1,fresh,1,
b2,191,blackwater,10,blackwater,nd,6/9/19,6/13/19,NA,0.885,1.46,1,11,2,fresh_5,elevated,0,fresh,1,
ca2,C4BI-7,corn,18.75,corn_ancestral,utk,5/28/19,6/13/19,NA,1.533,2.41,1,11,3,fresh_5,elevated,0,fresh,1,
cm2,C4AS-4,corn,0,corn_modern,utk,5/28/19,6/13/19,NA,0.499,1.19,1,11,4,fresh_5,elevated,0,fresh,1,
km1,KM1B1Q-3,kirkpatrick,0,kirk_modern,utk,6/9/19,6/13/19,NA,4.733,2.03,1,11,5,fresh_5,elevated,0,fresh,1,
cm3,C4AS-7,corn,0,corn_modern,utk,5/28/19,6/13/19,6/13/19,0.961,1.41,1,11,6,fresh_5,elevated,1,fresh,1,
cm10,139,corn,0,corn_modern,nd,6/9/19,6/13/19,6/13/19,1.713,2.2,2,11,7,fresh_5,elevated,1,fresh,1,
ka4,153,kirkpatrick,20,kirk_ancestral,nd,5/28/19,6/13/19,NA,0.652,2.81,2,11,8,fresh_5,elevated,0,fresh,1,
km6,141,kirkpatrick,0,kirk_modern,nd,6/9/19,6/13/19,NA,0.885,2.17,2,11,1,fresh_5,elevated,0,fresh,2,
ca8,130,corn,15,corn_ancestral,nd,6/9/19,6/13/19,NA,1.145,2.58,1,11,2,fresh_5,elevated,0,fresh,2,
b4,217,blackwater,10,blackwater,nd,6/9/19,6/13/19,NA,1.158,1.51,2,11,3,fresh_5,elevated,0,fresh,2,
cm4,C2AT-9,corn,0,corn_modern,utk,5/28/19,6/13/19,NA,3.154,2.38,1,11,4,fresh_5,elevated,0,fresh,2,
ca2,C4BI-7,corn,18.75,corn_ancestral,utk,5/28/19,6/13/19,NA,0.733,1.71,1,11,5,fresh_5,elevated,0,fresh,2,
ca4,C4BH-11,corn,20.75,corn_ancestral,utk,5/28/19,6/13/19,6/13/19,0.212,1.5,1,11,6,fresh_5,elevated,1,fresh,2,
cm9,128,corn,0,corn_modern,nd,5/28/19,6/13/19,6/13/19,1.308,3.9,1,11,7,fresh_5,elevated,1,fresh,2,
ka2,14-16E,kirkpatrick,14,kirk_ancestral,utk,6/9/19,6/13/19,NA,2.538,1.54,1,11,8,fresh_5,elevated,0,fresh,2,UTK
ca10,138,corn,16.75,corn_ancestral,nd,5/28/19,6/14/19,6/14/19,0.264,1.14,1,11,1,fresh_5,elevated,1,fresh,3,
cm10,139,corn,0,corn_modern,nd,6/9/19,6/14/19,NA,1.863,2.34,1,11,2,fresh_5,elevated,0,fresh,3,
ka5,156,kirkpatrick,20,kirk_ancestral,nd,5/28/19,6/14/19,NA,0.84,2.17,1,11,3,fresh_5,elevated,0,fresh,3,
b2,191,blackwater,10,blackwater,nd,6/19/19,6/25/19,NA,0.492,2.22,3,11,4,fresh_5,elevated,0,fresh,3,
ca6,C4BH-3,corn,20.75,corn_ancestral,utk,5/28/19,6/14/19,6/14/19,0.724,1.98,1,11,5,fresh_5,elevated,1,fresh,3,
ca7,C4BH-7,corn,20.75,corn_ancestral,utk,5/28/19,6/14/19,NA,1.95,2.41,2,11,6,fresh_5,elevated,0,fresh,3,
cm8,127,corn,0,corn_modern,nd,5/28/19,6/14/19,6/14/19,0.94,2.93,2,11,7,fresh_5,elevated,1,fresh,3,
cm6,C4AS-5,corn,0,corn_modern,utk,5/28/19,6/14/19,NA,0.633,1.81,1,11,8,fresh_5,elevated,0,fresh,3,
cm1,C4AS-8,corn,0,corn_modern,utk,5/28/19,6/14/19,6/14/19,1.946,1.94,1,11,1,fresh_5,elevated,1,fresh,4,
km3,KM1B1Q-1,kirkpatrick,0,kirk_modern,utk,5/28/19,6/14/19,NA,2.205,2,1,11,2,fresh_5,elevated,0,fresh,4,
ca4,C4BH-11,corn,20.75,corn_ancestral,utk,5/28/19,6/14/19,6/14/19,2.54,1.54,2,11,3,fresh_5,elevated,1,fresh,4,
cm9,128,corn,0,corn_modern,nd,5/28/19,6/14/19,6/14/19,0.787,2.59,1,11,4,fresh_5,elevated,1,fresh,4,
ca3,C4BI-6,corn,18.75,corn_ancestral,utk,5/28/19,6/14/19,NA,2.334,1.28,1,11,5,fresh_5,elevated,0,fresh,4,
cm3,C4AS-7,corn,0,corn_modern,utk,5/28/19,6/14/19,NA,1.304,1.62,1,11,6,fresh_5,elevated,0,fresh,4,
b3,235,blackwater,8,blackwater,nd,5/28/19,6/14/19,NA,0.441,1.58,1,11,7,fresh_5,elevated,0,fresh,4,
ca10,138,corn,16.75,corn_ancestral,nd,6/19/19,6/25/19,NA,1.044,2.44,1,11,8,fresh_5,elevated,0,fresh,4,
km6,141,kirkpatrick,0,kirk_modern,nd,5/28/19,6/14/19,NA,0.988,2.72,2,11,1,fresh_5,elevated,0,fresh,5,
cm7,C4AS-13,corn,0,corn_modern,utk,5/28/19,6/14/19,NA,0.356,1.15,1,11,2,fresh_5,elevated,0,fresh,5,
ka1,Flat 3 D2 MD1 18-20,kirkpatrick,18,kirk_ancestral,utk,6/9/19,6/14/19,NA,1.26,1.6,1,11,3,fresh_5,elevated,0,fresh,5,
ca3,C4BI-6,corn,18.75,corn_ancestral,utk,5/28/19,6/14/19,6/14/19,2.073,2.15,1,11,4,fresh_5,elevated,1,fresh,5,"
"
ca5,C4BI-5,corn,18.75,corn_ancestral,utk,5/28/19,6/14/19,NA,2.075,1.58,1,11,5,fresh_5,elevated,0,fresh,5,too short >2
ca4,C4BH-11,corn,20.75,corn_ancestral,utk,6/19/19,6/25/19,6/14/19,0.453,1.63,3,11,6,fresh_5,elevated,1,fresh,5,
cm9,128,corn,0,corn_modern,nd,5/28/19,6/14/19,NA,1.144,2.24,1,11,7,fresh_5,elevated,0,fresh,5,
cm1,C4AS-8,corn,0,corn_modern,utk,5/28/19,6/14/19,6/14/19,0.386,1.27,1,11,8,fresh_5,elevated,1,fresh,5,
cm7,C4AS-13,corn,0,corn_modern,utk,5/28/19,6/14/19,6/14/19,3.145,1.56,1,11,1,fresh_5,elevated,1,fresh,6,
ka6,Flat 3 B5 MD2 16-18,kirkpatrick,16,kirk_ancestral,utk,6/19/19,6/25/19,NA,1.36,1.71,2,11,2,fresh_5,elevated,0,fresh,6,
ca2,C4BI-7,corn,18.75,corn_ancestral,utk,5/28/19,6/14/19,6/25/19,1.586,1.53,1,11,3,fresh_5,elevated,1,fresh,6,
ca10,138,corn,16.75,corn_ancestral,nd,5/28/19,6/14/19,NA,0.783,2.27,2,11,4,fresh_5,elevated,0,fresh,6,
cm5,C4AS-2,corn,0,corn_modern,utk,5/28/19,6/14/19,NA,1.34,1.3,1,11,5,fresh_5,elevated,0,fresh,6,
cm2,C4AS-4,corn,0,corn_modern,utk,5/28/19,6/14/19,6/14/19,2.999,1.73,1,11,6,fresh_5,elevated,1,fresh,6,
km5,159,kirkpatrick,extant,kirk_modern,nd,6/19/19,6/25/19,NA,1.428,2.25,2,11,7,fresh_5,elevated,0,fresh,6,
ca4,C4BH-11,corn,20.75,corn_ancestral,utk,6/19/19,6/25/19,NA,0.481,1.14,1,11,8,fresh_5,elevated,0,fresh,6,
ca4,C4BH-11,corn,20.75,corn_ancestral,utk,5/28/19,6/13/19,NA,1.346,1.92,1,9,1,fresh_6,elevated,0,fresh,1,
ca5,C4BI-5,corn,18.75,corn_ancestral,utk,5/28/19,6/13/19,6/13/19,0.184,1.68,1,9,2,fresh_6,elevated,1,fresh,1,
ka3,14-16D,kirkpatrick,14,kirk_ancestral,utk,5/28/19,6/13/19,NA,3.87,2.05,1,9,3,fresh_6,elevated,0,fresh,1,UTK
cm9,128,corn,0,corn_modern,nd,5/28/19,6/13/19,6/13/19,1.144,2.72,2,9,4,fresh_6,elevated,1,fresh,1,
cm4,C2AT-9,corn,0,corn_modern,utk,5/28/19,6/13/19,6/13/19,1.813,1.43,2,9,5,fresh_6,elevated,1,fresh,1,
b1,219,blackwater,2,blackwater,nd,5/28/19,6/13/19,NA,1.044,2.46,1,9,6,fresh_6,elevated,0,fresh,1,
cm5,C4AS-2,corn,0,corn_modern,utk,5/28/19,6/13/19,NA,0.582,1.37,1,9,7,fresh_6,elevated,0,fresh,1,
ca10,138,corn,16.75,corn_ancestral,nd,6/19/19,6/25/19,NA,0.628,2.42,1,9,8,fresh_6,elevated,0,fresh,1,
b3,235,blackwater,8,blackwater,nd,6/9/19,6/13/19,NA,0.728,1.88,1,9,1,fresh_6,elevated,0,fresh,2,
cm2,C4AS-4,corn,0,corn_modern,utk,5/28/19,6/13/19,NA,1.575,1.19,1,9,2,fresh_6,elevated,0,fresh,2,
ca10,138,corn,16.75,corn_ancestral,nd,6/9/19,6/13/19,6/13/19,1.497,2.26,1,9,3,fresh_6,elevated,1,fresh,2,
cm3,C4AS-7,corn,0,corn_modern,utk,5/28/19,6/13/19,NA,0.478,0.92,1,9,4,fresh_6,elevated,0,fresh,2,
ca4,C4BH-11,corn,20.75,corn_ancestral,utk,6/19/19,6/25/19,NA,0.339,1.43,1,9,5,fresh_6,elevated,0,fresh,2,
ca3,C4BI-6,corn,18.75,corn_ancestral,utk,5/28/19,6/13/19,6/13/19,1.356,2.19,1,9,6,fresh_6,elevated,1,fresh,2,
km1,KM1B1Q-3,kirkpatrick,0,kirk_modern,utk,5/28/19,6/13/19,NA,1.232,1.09,1,9,7,fresh_6,elevated,0,fresh,2,
cm6,C4AS-5,corn,0,corn_modern,utk,5/28/19,6/13/19,6/13/19,0.455,2.02,1,9,8,fresh_6,elevated,1,fresh,2,
ka1,Flat 3 D2 MD1 18-20,kirkpatrick,18,kirk_ancestral,utk,5/28/19,6/14/19,NA,1.658,2.66,1,9,1,fresh_6,elevated,0,fresh,3,
ca5,C4BI-5,corn,18.75,corn_ancestral,utk,5/28/19,6/14/19,6/14/19,0.898,1.48,2,9,2,fresh_6,elevated,1,fresh,3,
km4,155,kirkpatrick,extant,kirk_modern,nd,6/9/19,6/14/19,NA,2.495,2.95,1,9,3,fresh_6,elevated,0,fresh,3,
cm5,C4AS-2,corn,0,corn_modern,utk,6/9/19,6/14/19,NA,0.413,1.12,1,9,4,fresh_6,elevated,0,fresh,3,
cm9,128,corn,0,corn_modern,nd,6/9/19,6/14/19,6/14/19,2.036,2.75,1,9,5,fresh_6,elevated,1,fresh,3,
ca9,133,corn,14.25,corn_ancestral,nd,6/9/19,6/14/19,NA,0.418,1.71,1,9,6,fresh_6,elevated,0,fresh,3,
ca1,C4BH-6,corn,20.75,corn_ancestral,utk,5/28/19,6/14/19,NA,0.549,1.06,2,9,7,fresh_6,elevated,0,fresh,3,
cm1,C4AS-8,corn,0,corn_modern,utk,5/28/19,6/14/19,6/14/19,0.593,1.28,2,9,8,fresh_6,elevated,1,fresh,3,
cm4,C2AT-9,corn,0,corn_modern,utk,6/19/19,6/25/19,6/14/19,0.961,1.5,2,9,1,fresh_6,elevated,1,fresh,4,
ca10,138,corn,16.75,corn_ancestral,nd,6/19/19,6/25/19,NA,0.693,1.9,1,9,2,fresh_6,elevated,0,fresh,4,
cm10,139,corn,0,corn_modern,nd,6/19/19,6/25/19,NA,0.447,2.24,2,9,3,fresh_6,elevated,0,fresh,4,
ca8,130,corn,15,corn_ancestral,nd,6/9/19,6/14/19,6/14/19,2.593,2.79,2,9,4,fresh_6,elevated,1,fresh,4,
cm4,C2AT-9,corn,0,corn_modern,utk,5/28/19,6/14/19,NA,1.017,1.31,1,9,5,fresh_6,elevated,0,fresh,4,
ca1,C4BH-6,corn,20.75,corn_ancestral,utk,5/28/19,6/14/19,6/14/19,0.403,1.08,1,9,6,fresh_6,elevated,1,fresh,4,
km6,141,kirkpatrick,0,kirk_modern,nd,6/9/19,6/14/19,NA,0.263,1.66,1,9,7,fresh_6,elevated,0,fresh,4,
ka5,156,kirkpatrick,20,kirk_ancestral,nd,6/9/19,6/14/19,NA,1.822,2.61,2,9,8,fresh_6,elevated,0,fresh,4,
ca8,130,corn,15,corn_ancestral,nd,5/28/19,6/14/19,NA,1.088,2.57,2,9,1,fresh_6,elevated,0,fresh,5,
b4,217,blackwater,10,blackwater,nd,5/28/19,6/14/19,NA,0.596,2.38,2,9,2,fresh_6,elevated,0,fresh,5,
ca4,C4BH-11,corn,20.75,corn_ancestral,utk,6/19/19,6/25/19,6/14/19,0.902,1.75,1,9,3,fresh_6,elevated,1,fresh,5,
cm10,139,corn,0,corn_modern,nd,6/19/19,6/25/19,NA,1.122,2.48,1,9,4,fresh_6,elevated,0,fresh,5,
cm2,C4AS-4,corn,0,corn_modern,utk,5/28/19,6/14/19,6/14/19,1.378,1.29,2,9,5,fresh_6,elevated,1,fresh,5,
ka6,Flat 3 B5 MD2 16-18,kirkpatrick,16,kirk_ancestral,utk,5/28/19,6/14/19,NA,0.687,1.86,1,9,6,fresh_6,elevated,0,fresh,5,
km5,159,kirkpatrick,extant,kirk_modern,nd,5/28/19,6/14/19,NA,0.718,1.82,1,9,7,fresh_6,elevated,0,fresh,5,
ca2,C4BI-7,corn,18.75,corn_ancestral,utk,6/9/19,6/14/19,NA,0.941,1.45,1,9,8,fresh_6,elevated,0,fresh,5,
cm10,139,corn,0,corn_modern,nd,6/9/19,6/14/19,NA,1.287,1.95,2,9,1,fresh_6,elevated,0,fresh,6,
ca4,C4BH-11,corn,20.75,corn_ancestral,utk,6/19/19,6/25/19,NA,0.593,1.43,1,9,2,fresh_6,elevated,0,fresh,6,
cm1,C4AS-8,corn,0,corn_modern,utk,5/28/19,6/14/19,6/14/19,0.443,1.42,1,9,3,fresh_6,elevated,1,fresh,6,
ca7,C4BH-7,corn,20.75,corn_ancestral,utk,5/28/19,6/14/19,6/25/19,2.177,2.32,1,9,4,fresh_6,elevated,1,fresh,6,
b3,235,blackwater,8,blackwater,nd,6/10/19,6/14/19,NA,0.991,1.77,2,9,5,fresh_6,elevated,0,fresh,6,
ka5,156,kirkpatrick,20,kirk_ancestral,nd,6/19/19,6/25/19,NA,0.665,2.31,2,9,6,fresh_6,elevated,0,fresh,6,
km5,159,kirkpatrick,extant,kirk_modern,nd,5/28/19,6/14/19,NA,1.305,2.76,2,9,7,fresh_6,elevated,0,fresh,6,
cm6,C4AS-5,corn,0,corn_modern,utk,6/9/19,6/14/19,6/14/19,2.976,2.07,1,9,8,fresh_6,elevated,1,fresh,6,
ca4,C4BH-11,corn,20.75,corn_ancestral,utk,5/22/19,6/13/19,NA,0.819,1.61,1,3,1,fresh_7,ambient,0,fresh,1,
cm9,128,corn,0,corn_modern,nd,5/22/19,6/13/19,6/13/19,1.624,3.12,1,3,2,fresh_7,ambient,1,fresh,1,
ca1,C4BH-6,corn,20.75,corn_ancestral,utk,6/9/19,6/13/19,6/13/19,3.016,1.88,1,3,3,fresh_7,ambient,1,fresh,1,
cm1,C4AS-8,corn,0,corn_modern,utk,5/22/19,6/13/19,6/13/19,0.41,1.66,1,3,4,fresh_7,ambient,1,fresh,1,
ca6,C4BH-3,corn,20.75,corn_ancestral,utk,5/22/19,6/13/19,NA,1.327,2.07,1,3,5,fresh_7,ambient,0,fresh,1,
ka5,156,kirkpatrick,20,kirk_ancestral,nd,5/22/19,6/13/19,NA,0.82,2.95,1,3,6,fresh_7,ambient,0,fresh,1,
cm4,C2AT-9,corn,0,corn_modern,utk,6/9/19,6/13/19,NA,1.716,1.06,3,3,7,fresh_7,ambient,0,fresh,1,
km3,KM1B1Q-1,kirkpatrick,0,kirk_modern,utk,5/22/19,6/13/19,NA,0.612,2.06,1,3,8,fresh_7,ambient,0,fresh,1,
cm5,C4AS-2,corn,0,corn_modern,utk,5/22/19,6/14/19,6/14/19,0.965,1.78,2,3,1,fresh_7,ambient,1,fresh,2,
ca9,133,corn,14.25,corn_ancestral,nd,5/22/19,6/14/19,6/14/19,0.489,2.86,1,3,2,fresh_7,ambient,1,fresh,2,
ca5,C4BI-5,corn,18.75,corn_ancestral,utk,5/22/19,6/14/19,NA,1.11,2.04,2,3,3,fresh_7,ambient,0,fresh,2,
cm8,127,corn,0,corn_modern,nd,6/10/19,6/14/19,NA,3.348,2.7,2,3,4,fresh_7,ambient,0,fresh,2,
ca2,C4BI-7,corn,18.75,corn_ancestral,utk,5/22/19,6/14/19,6/25/19,0.867,1.5,1,3,5,fresh_7,ambient,1,fresh,2,
b1,219,blackwater,2,blackwater,nd,5/22/19,6/14/19,NA,0.893,2.77,2,3,6,fresh_7,ambient,0,fresh,2,
ka3,143,kirkpatrick,14,kirk_ancestral,nd,6/9/19,6/14/19,NA,0.767,1.53,1,3,7,fresh_7,ambient,0,fresh,2,ND
cm9,128,corn,0,corn_modern,nd,6/9/19,6/14/19,NA,1.654,3.01,2,3,8,fresh_7,ambient,0,fresh,2,
km1,KM1B1Q-3,kirkpatrick,0,kirk_modern,utk,5/22/19,6/14/19,NA,0.892,1.53,1,3,1,fresh_7,ambient,0,fresh,3,
ca7,C4BH-7,corn,20.75,corn_ancestral,utk,5/22/19,6/14/19,NA,1.593,2.08,1,3,2,fresh_7,ambient,0,fresh,3,
cm10,139,corn,0,corn_modern,nd,5/22/19,6/14/19,NA,0.677,2.39,2,3,3,fresh_7,ambient,0,fresh,3,
b2,191,blackwater,10,blackwater,nd,6/9/19,6/14/19,NA,1.365,2.24,1,3,4,fresh_7,ambient,0,fresh,3,
cm3,C4AS-7,corn,0,corn_modern,utk,5/22/19,6/14/19,6/14/19,0.338,1.52,2,3,5,fresh_7,ambient,1,fresh,3,
ca6,C4BH-3,corn,20.75,corn_ancestral,utk,5/22/19,6/14/19,NA,1.153,1.94,1,3,6,fresh_7,ambient,0,fresh,3,
ka4,153,kirkpatrick,20,kirk_ancestral,nd,5/22/19,6/14/19,NA,0.399,1.56,1,3,7,fresh_7,ambient,0,fresh,3,
ca1,C4BH-6,corn,20.75,corn_ancestral,utk,6/9/19,6/14/19,6/14/19,2.785,1.67,2,3,8,fresh_7,ambient,1,fresh,3,
cm6,C4AS-5,corn,0,corn_modern,utk,5/22/19,6/14/19,NA,1.04,1.83,1,3,1,fresh_7,ambient,0,fresh,4,
cm3,C4AS-7,corn,0,corn_modern,utk,5/22/19,6/14/19,NA,0.724,0.7,1,3,2,fresh_7,ambient,0,fresh,4,
ca8,130,corn,15,corn_ancestral,nd,6/9/19,6/14/19,6/14/19,0.471,2.19,2,3,3,fresh_7,ambient,1,fresh,4,
km2,KM1B1Q-5,kirkpatrick,0,kirk_modern,utk,6/9/19,6/14/19,NA,1.712,2.01,1,3,4,fresh_7,ambient,0,fresh,4,
cm7,C4AS-13,corn,0,corn_modern,utk,5/22/19,6/14/19,6/14/19,0.94,1.31,1,3,5,fresh_7,ambient,1,fresh,4,
cm4,C2AT-9,corn,0,corn_modern,utk,5/22/19,6/14/19,6/14/19,0.543,1.43,2,3,6,fresh_7,ambient,1,fresh,4,
b3,235,blackwater,8,blackwater,nd,5/22/19,6/14/19,NA,0.401,1.68,1,3,7,fresh_7,ambient,0,fresh,4,
ca10,138,corn,16.75,corn_ancestral,nd,5/22/19,6/14/19,NA,0.808,2.75,1,3,8,fresh_7,ambient,0,fresh,4,
ca3,C4BI-6,corn,18.75,corn_ancestral,utk,6/9/19,6/14/19,6/14/19,2.676,2.21,1,3,1,fresh_7,ambient,1,fresh,5,
cm2,C4AS-4,corn,0,corn_modern,utk,6/9/19,6/14/19,6/14/19,0.788,1.12,1,3,2,fresh_7,ambient,1,fresh,5,
ca7,C4BH-7,corn,20.75,corn_ancestral,utk,6/9/19,6/14/19,NA,1.693,1.62,1,3,3,fresh_7,ambient,0,fresh,5,
km5,159,kirkpatrick,extant,kirk_modern,nd,5/22/19,6/14/19,NA,0.786,2.54,1,3,4,fresh_7,ambient,0,fresh,5,
cm1,C4AS-8,corn,0,corn_modern,utk,5/22/19,6/14/19,6/14/19,1.738,1.6,1,3,5,fresh_7,ambient,1,fresh,5,
ca6,C4BH-3,corn,20.75,corn_ancestral,utk,5/22/19,6/14/19,NA,2.446,1.98,1,3,6,fresh_7,ambient,0,fresh,5,
ka1,Flat 3 D2 MD1 18-20,kirkpatrick,18,kirk_ancestral,utk,5/22/19,6/14/19,NA,1.258,1.63,2,3,7,fresh_7,ambient,0,fresh,5,
cm5,C4AS-2,corn,0,corn_modern,utk,5/22/19,6/14/19,NA,2.394,1.62,1,3,8,fresh_7,ambient,0,fresh,5,
ka2,14-16E,kirkpatrick,14,kirk_ancestral,utk,5/22/19,6/14/19,NA,1.236,1.23,1,3,1,fresh_7,ambient,0,fresh,6,
ca3,C4BI-6,corn,18.75,corn_ancestral,utk,6/9/19,6/14/19,NA,2.628,2.46,2,3,2,fresh_7,ambient,0,fresh,6,
ca5,C4BI-5,corn,18.75,corn_ancestral,utk,6/9/19,6/14/19,6/14/19,2.145,1.57,1,3,3,fresh_7,ambient,1,fresh,6,
cm8,127,corn,0,corn_modern,nd,6/9/19,6/14/19,NA,1.611,2.45,2,3,4,fresh_7,ambient,0,fresh,6,
ca4,C4BH-11,corn,20.75,corn_ancestral,utk,5/22/19,6/14/19,6/14/19,1.286,1.36,1,3,5,fresh_7,ambient,1,fresh,6,
km5,159,kirkpatrick,extant,kirk_modern,nd,6/19/19,6/25/19,NA,1.39,1.97,2,3,6,fresh_7,ambient,0,fresh,6,
cm4,C2AT-9,corn,0,corn_modern,utk,6/19/19,6/25/19,NA,1.22,1.91,2,3,7,fresh_7,ambient,0,fresh,6,
cm4,C2AT-9,corn,0,corn_modern,utk,6/9/19,6/14/19,6/14/19,2.823,1.4,1,3,8,fresh_7,ambient,1,fresh,6,
ka4,153,kirkpatrick,20,kirk_ancestral,nd,5/22/19,6/12/19,NA,0.448,2.15,2,2,1,gcrew_1,ambient,0,salt,1,
km2,KM1B1Q-5,kirkpatrick,0,kirk_modern,utk,5/22/19,6/12/19,NA,0.248,1.48,2,2,2,gcrew_1,ambient,0,salt,1,
cm5,C4AS-2,corn,0,corn_modern,utk,5/22/19,6/12/19,NA,1.414,2,1,2,3,gcrew_1,ambient,0,salt,1,
ca4,C4BH-11,corn,20.75,corn_ancestral,utk,6/19/19,6/26/19,NA,0.724,1.66,1,2,4,gcrew_1,ambient,0,salt,1,
ca4,C4BH-11,corn,20.75,corn_ancestral,utk,5/22/19,6/12/19,6/12/19,1.221,1.42,1,2,5,gcrew_1,ambient,1,salt,1,
ca1,C4BH-6,corn,20.75,corn_ancestral,utk,5/22/19,6/12/19,NA,0.569,0.77,1,2,6,gcrew_1,ambient,0,salt,1,
cm2,C4AS-4,corn,0,corn_modern,utk,5/22/19,6/12/19,6/12/19,1.287,1.73,3,2,7,gcrew_1,ambient,1,salt,1,
cm9,128,corn,0,corn_modern,nd,5/22/19,6/12/19,6/12/19,0.905,3.76,1,2,8,gcrew_1,ambient,1,salt,1,
ca2,C4BI-7,corn,18.75,corn_ancestral,utk,5/22/19,6/12/19,6/12/19,0.563,1.6,1,2,1,gcrew_1,ambient,1,salt,2,
ca10,138,corn,16.75,corn_ancestral,nd,6/19/19,6/26/19,6/12/19,0.592,2.68,1,2,2,gcrew_1,ambient,1,salt,2,
ca5,C4BI-5,corn,18.75,corn_ancestral,utk,5/22/19,6/12/19,NA,1.406,1.46,1,2,3,gcrew_1,ambient,0,salt,2,
cm6,C4AS-5,corn,0,corn_modern,utk,5/22/19,6/12/19,6/12/19,2.404,1.1,1,2,4,gcrew_1,ambient,1,salt,2,
km3,KM1B1Q-1,kirkpatrick,0,kirk_modern,utk,5/22/19,6/12/19,NA,0.467,1.67,2,2,5,gcrew_1,ambient,0,salt,2,
cm2,C4AS-4,corn,0,corn_modern,utk,5/22/19,6/12/19,NA,1.054,1.99,2,2,6,gcrew_1,ambient,0,salt,2,
ka3,143,kirkpatrick,14,kirk_ancestral,nd,5/22/19,6/12/19,NA,0.546,1.65,1,2,7,gcrew_1,ambient,0,salt,2,ND
cm8,127,corn,0,corn_modern,nd,6/9/19,6/12/19,NA,1.183,2.17,2,2,8,gcrew_1,ambient,0,salt,2,
cm3,C4AS-7,corn,0,corn_modern,utk,5/22/19,6/12/19,6/12/19,0.686,1,2,2,1,gcrew_1,ambient,1,salt,3,
ca1,C4BH-6,corn,20.75,corn_ancestral,utk,5/22/19,6/12/19,NA,0.263,1.47,1,2,2,gcrew_1,ambient,0,salt,3,
ka5,156,kirkpatrick,20,kirk_ancestral,nd,5/22/19,6/12/19,NA,0.454,2.03,2,2,3,gcrew_1,ambient,0,salt,3,
km6,141,kirkpatrick,0,kirk_modern,nd,5/22/19,6/12/19,NA,1.157,3.76,1,2,4,gcrew_1,ambient,0,salt,3,
cm6,C4AS-5,corn,0,corn_modern,utk,5/22/19,6/12/19,NA,0.493,1.66,1,2,5,gcrew_1,ambient,0,salt,3,
ca10,138,corn,16.75,corn_ancestral,nd,5/22/19,6/12/19,NA,0.771,3.21,2,2,6,gcrew_1,ambient,0,salt,3,
cm10,139,corn,0,corn_modern,nd,6/9/19,6/12/19,6/12/19,1.345,1.73,1,2,7,gcrew_1,ambient,1,salt,3,
ca7,C4BH-7,corn,20.75,corn_ancestral,utk,5/22/19,6/12/19,6/12/19,1.131,1.52,1,2,8,gcrew_1,ambient,1,salt,3,
cm10,139,corn,0,corn_modern,nd,5/22/19,6/12/19,NA,0.89,1.89,2,2,1,gcrew_1,ambient,0,salt,4,
ca7,C4BH-7,corn,20.75,corn_ancestral,utk,6/10/19,6/12/19,6/12/19,1.106,1.79,1,2,2,gcrew_1,ambient,1,salt,4,
cm7,C4AS-13,corn,0,corn_modern,utk,5/22/19,6/12/19,6/12/19,1.272,1.06,1,2,3,gcrew_1,ambient,1,salt,4,
ca3,C4BI-6,corn,18.75,corn_ancestral,utk,5/22/19,6/12/19,6/12/19,2.884,3.33,3,2,4,gcrew_1,ambient,1,salt,4,
ka1,Flat 3 D2 MD1 18-20,kirkpatrick,18,kirk_ancestral,utk,5/22/19,6/12/19,NA,2.053,2.05,1,2,5,gcrew_1,ambient,0,salt,4,
b1,219,blackwater,2,blackwater,nd,5/22/19,6/12/19,NA,0.55,1.37,1,2,6,gcrew_1,ambient,0,salt,4,
cm1,C4AS-8,corn,0,corn_modern,utk,6/9/19,6/12/19,NA,0.972,1.66,1,2,7,gcrew_1,ambient,0,salt,4,
ca4,C4BH-11,corn,20.75,corn_ancestral,utk,5/22/19,6/12/19,NA,0.691,1.38,2,2,8,gcrew_1,ambient,0,salt,4,
ca9,133,corn,14.25,corn_ancestral,nd,6/9/19,6/17/19,6/17/19,1.34,1.96,1,2,1,gcrew_1,ambient,1,salt,5,
km1,KM1B1Q-3,kirkpatrick,0,kirk_modern,utk,5/22/19,6/17/19,NA,2.835,2.14,1,2,2,gcrew_1,ambient,0,salt,5,
cm4,C2AT-9,corn,0,corn_modern,utk,5/22/19,6/17/19,6/17/19,0.499,1.58,3,2,3,gcrew_1,ambient,1,salt,5,
cm1,C4AS-8,corn,0,corn_modern,utk,5/22/19,6/17/19,NA,0.845,1.69,1,2,4,gcrew_1,ambient,0,salt,5,
b4,217,blackwater,10,blackwater,nd,5/22/19,6/17/19,NA,0.744,3.1,1,2,5,gcrew_1,ambient,0,salt,5,
cm8,127,corn,0,corn_modern,nd,5/22/19,6/17/19,NA,0.66,2.26,1,2,6,gcrew_1,ambient,0,salt,5,
ca2,C4BI-7,corn,18.75,corn_ancestral,utk,5/22/19,6/17/19,NA,0.986,2.12,2,2,7,gcrew_1,ambient,0,salt,5,
ka2,146,kirkpatrick,14,kirk_ancestral,nd,5/22/19,6/17/19,NA,0.839,1.68,2,2,8,gcrew_1,ambient,0,salt,5,
cm4,C2AT-9,corn,0,corn_modern,utk,6/19/19,6/26/19,NA,1.125,1.35,2,2,1,gcrew_1,ambient,0,salt,6,
b2,191,blackwater,10,blackwater,nd,5/22/19,6/17/19,NA,0.998,3.6,1,2,2,gcrew_1,ambient,0,salt,6,
cm7,C4AS-13,corn,0,corn_modern,utk,5/22/19,6/17/19,NA,0.533,0.81,1,2,3,gcrew_1,ambient,0,salt,6,
ca4,C4BH-11,corn,20.75,corn_ancestral,utk,6/19/19,6/26/19,6/17/19,0.703,1.55,4,2,4,gcrew_1,ambient,1,salt,6,
cm6,C4AS-5,corn,0,corn_modern,utk,5/22/19,6/17/19,NA,1.113,2.02,1,2,5,gcrew_1,ambient,0,salt,6,
ca3,C4BI-6,corn,18.75,corn_ancestral,utk,5/22/19,6/17/19,6/17/19,1.686,1.94,1,2,6,gcrew_1,ambient,1,salt,6,
ca6,C4BH-3,corn,20.75,corn_ancestral,utk,5/22/19,6/17/19,6/17/19,0.778,1.57,1,2,7,gcrew_1,ambient,1,salt,6,
cm10,139,corn,0,corn_modern,nd,6/19/19,6/26/19,NA,0.795,2.4,2,2,8,gcrew_1,ambient,0,salt,6,
cm1,C4AS-8,corn,0,corn_modern,utk,5/28/19,6/12/19,NA,0.36,1.19,1,10,1,gcrew_2,elevated,0,salt,1,
ka1,Flat 3 D2 MD1 18-20,kirkpatrick,18,kirk_ancestral,utk,6/9/19,6/12/19,NA,0.623,1.46,1,10,2,gcrew_2,elevated,0,salt,1,
ca8,130,corn,15,corn_ancestral,nd,5/28/19,6/12/19,6/12/19,1.348,2.49,3,10,3,gcrew_2,elevated,1,salt,1,
cm9,128,corn,0,corn_modern,nd,5/28/19,6/12/19,NA,1.946,3.11,1,10,4,gcrew_2,elevated,0,salt,1,
cm5,C4AS-2,corn,0,corn_modern,utk,6/9/19,6/12/19,6/12/19,1.308,1.01,1,10,5,gcrew_2,elevated,1,salt,1,
ca5,C4BI-5,corn,18.75,corn_ancestral,utk,6/9/19,6/12/19,NA,2.206,1.6,1,10,6,gcrew_2,elevated,0,salt,1,
ca1,C4BH-6,corn,20.75,corn_ancestral,utk,5/28/19,6/12/19,6/12/19,0.316,1.27,1,10,7,gcrew_2,elevated,1,salt,1,
b3,235,blackwater,8,blackwater,nd,5/28/19,6/12/19,NA,0.719,2.14,1,10,8,gcrew_2,elevated,0,salt,1,
ca10,138,corn,16.75,corn_ancestral,nd,6/19/19,6/26/19,NA,0.714,3.08,1,10,1,gcrew_2,elevated,0,salt,2,
cm2,C4AS-4,corn,0,corn_modern,utk,5/28/19,6/12/19,6/12/19,1.666,1.24,2,10,2,gcrew_2,elevated,1,salt,2,
b2,191,blackwater,10,blackwater,nd,5/28/19,6/12/19,NA,1.044,2.62,2,10,3,gcrew_2,elevated,0,salt,2,
ca2,C4BI-7,corn,18.75,corn_ancestral,utk,5/28/19,6/12/19,NA,1.509,1.9,1,10,4,gcrew_2,elevated,0,salt,2,
ca6,C4BH-3,corn,20.75,corn_ancestral,utk,5/28/19,6/12/19,6/12/19,3.512,2.19,3,10,5,gcrew_2,elevated,1,salt,2,
km4,155,kirkpatrick,extant,kirk_modern,nd,6/9/19,6/12/19,NA,1.287,2.37,1,10,6,gcrew_2,elevated,0,salt,2,
cm10,139,corn,0,corn_modern,nd,6/9/19,6/12/19,6/12/19,1.782,2,2,10,7,gcrew_2,elevated,1,salt,2,
cm6,C4AS-5,corn,0,corn_modern,utk,5/28/19,6/12/19,NA,0.963,1.48,1,10,8,gcrew_2,elevated,0,salt,2,
cm5,C4AS-2,corn,0,corn_modern,utk,6/9/19,6/12/19,NA,1.525,1.48,1,10,1,gcrew_2,elevated,0,salt,3,
km3,KM1B1Q-1,kirkpatrick,0,kirk_modern,utk,5/28/19,6/12/19,NA,1.754,1.64,1,10,2,gcrew_2,elevated,0,salt,3,
cm4,C2AT-9,corn,0,corn_modern,utk,6/19/19,6/26/19,6/12/19,0.959,2.06,1,10,3,gcrew_2,elevated,1,salt,3,
ca3,C4BI-6,corn,18.75,corn_ancestral,utk,5/28/19,6/12/19,6/12/19,0.712,2.49,2,10,4,gcrew_2,elevated,1,salt,3,
ca10,138,corn,16.75,corn_ancestral,nd,6/9/19,6/12/19,6/12/19,1.8,3.3,1,10,5,gcrew_2,elevated,1,salt,3,
ka2,146,kirkpatrick,14,kirk_ancestral,nd,5/28/19,6/12/19,NA,4.133,3.28,1,10,6,gcrew_2,elevated,0,salt,3,ND
cm3,C4AS-7,corn,0,corn_modern,utk,5/28/19,6/12/19,NA,2.04,0.94,2,10,7,gcrew_2,elevated,0,salt,3,
ca7,C4BH-7,corn,20.75,corn_ancestral,utk,5/28/19,6/12/19,NA,1.476,1.84,1,10,8,gcrew_2,elevated,0,salt,3,
km5,159,kirkpatrick,extant,kirk_modern,nd,5/28/19,6/12/19,NA,1.019,2.23,2,10,1,gcrew_2,elevated,0,salt,4,
ca4,C4BH-11,corn,20.75,corn_ancestral,utk,6/19/19,6/26/19,NA,2.264,2.22,3,10,2,gcrew_2,elevated,0,salt,4,
ca1,C4BH-6,corn,20.75,corn_ancestral,utk,5/28/19,6/12/19,NA,0.416,1.31,1,10,3,gcrew_2,elevated,0,salt,4,
cm8,127,corn,0,corn_modern,nd,6/9/19,6/12/19,6/12/19,1.565,2.25,2,10,4,gcrew_2,elevated,1,salt,4,
cm3,C4AS-7,corn,0,corn_modern,utk,5/28/19,6/12/19,6/12/19,0.642,1.55,1,10,5,gcrew_2,elevated,1,salt,4,
ka6,Flat 3 B5 MD2 16-18,kirkpatrick,16,kirk_ancestral,utk,6/9/19,6/12/19,NA,1.852,1.1,1,10,6,gcrew_2,elevated,0,salt,4,
cm6,C4AS-5,corn,0,corn_modern,utk,6/9/19,6/12/19,NA,3.045,1.88,1,10,7,gcrew_2,elevated,0,salt,4,
ca7,C4BH-7,corn,20.75,corn_ancestral,utk,5/28/19,6/12/19,6/26/19,1.576,2.04,3,10,8,gcrew_2,elevated,1,salt,4,
cm4,C2AT-9,corn,0,corn_modern,utk,5/28/19,6/17/19,NA,3.099,2.08,1,10,1,gcrew_2,elevated,0,salt,5,
cm8,127,corn,0,corn_modern,nd,5/28/19,6/17/19,6/17/19,1.008,2.61,3,10,2,gcrew_2,elevated,1,salt,5,
ca8,130,corn,15,corn_ancestral,nd,6/9/19,6/17/19,6/17/19,1.601,2.51,2,10,3,gcrew_2,elevated,1,salt,5,
km1,KM1B1Q-3,kirkpatrick,0,kirk_modern,utk,6/9/19,6/17/19,NA,1.69,1.8,1,10,4,gcrew_2,elevated,0,salt,5,
b1,219,blackwater,2,blackwater,nd,5/28/19,6/17/19,NA,1.027,2.42,2,10,5,gcrew_2,elevated,0,salt,5,
ca4,C4BH-11,corn,20.75,corn_ancestral,utk,6/9/19,6/17/19,6/17/19,2.122,1.86,2,10,6,gcrew_2,elevated,1,salt,5,
ka4,153,kirkpatrick,20,kirk_ancestral,nd,5/28/19,6/17/19,NA,0.797,2.08,1,10,7,gcrew_2,elevated,0,salt,5,
ca6,C4BH-3,corn,20.75,corn_ancestral,utk,5/28/19,6/17/19,NA,1.682,1.46,1,10,8,gcrew_2,elevated,0,salt,5,
ca5,C4BI-5,corn,18.75,corn_ancestral,utk,5/28/19,6/17/19,6/17/19,0.224,1,1,10,1,gcrew_2,elevated,1,salt,6,
km3,KM1B1Q-1,kirkpatrick,0,kirk_modern,utk,6/9/19,6/17/19,NA,1.299,0.9,1,10,2,gcrew_2,elevated,0,salt,6,
ca2,C4BI-7,corn,18.75,corn_ancestral,utk,5/28/19,6/17/19,NA,0.745,1.69,1,10,3,gcrew_2,elevated,0,salt,6,
cm5,C4AS-2,corn,0,corn_modern,utk,5/28/19,6/17/19,6/17/19,0.151,1.37,1,10,4,gcrew_2,elevated,1,salt,6,
cm8,127,corn,0,corn_modern,nd,6/9/19,6/17/19,NA,2.236,2.54,2,10,5,gcrew_2,elevated,0,salt,6,
b4,217,blackwater,10,blackwater,nd,5/28/19,6/17/19,NA,1.181,3.06,1,10,6,gcrew_2,elevated,0,salt,6,
ka5,156,kirkpatrick,20,kirk_ancestral,nd,6/10/19,6/17/19,NA,0.79,1.98,2,10,7,gcrew_2,elevated,0,salt,6,
cm2,C4AS-4,corn,0,corn_modern,utk,5/28/19,6/17/19,NA,1.671,1.8,2,10,8,gcrew_2,elevated,0,salt,6,
ca10,138,corn,16.75,corn_ancestral,nd,6/19/19,6/26/19,6/12/19,0.935,2.14,1,4,1,gcrew_3,ambient,1,salt,1,
ca3,C4BI-6,corn,18.75,corn_ancestral,utk,5/22/19,6/12/19,6/12/19,1.104,1.59,1,4,2,gcrew_3,ambient,1,salt,1,
cm1,C4AS-8,corn,0,corn_modern,utk,5/22/19,6/12/19,NA,1.377,1.5,1,4,3,gcrew_3,ambient,0,salt,1,
cm10,139,corn,0,corn_modern,nd,6/19/19,6/26/19,6/12/19,1.071,2.78,1,4,4,gcrew_3,ambient,1,salt,1,
ka5,156,kirkpatrick,20,kirk_ancestral,nd,6/19/19,6/26/19,NA,1.555,2.98,1,4,5,gcrew_3,ambient,0,salt,1,
ca10,138,corn,16.75,corn_ancestral,nd,6/19/19,6/26/19,NA,0.751,2.23,1,4,6,gcrew_3,ambient,0,salt,1,
cm7,C4AS-13,corn,0,corn_modern,utk,6/9/19,6/12/19,NA,1.565,1.32,1,4,7,gcrew_3,ambient,0,salt,1,
km5,159,kirkpatrick,extant,kirk_modern,nd,5/22/19,6/12/19,NA,0.695,2.29,2,4,8,gcrew_3,ambient,0,salt,1,
cm9,128,corn,0,corn_modern,nd,5/22/19,6/12/19,6/12/19,0.575,2.97,1,4,1,gcrew_3,ambient,1,salt,2,
ca1,C4BH-6,corn,20.75,corn_ancestral,utk,5/22/19,6/12/19,NA,0.542,1.43,1,4,2,gcrew_3,ambient,0,salt,2,
cm5,C4AS-2,corn,0,corn_modern,utk,6/9/19,6/12/19,NA,1.348,1.13,2,4,3,gcrew_3,ambient,0,salt,2,
ca8,130,corn,15,corn_ancestral,nd,5/22/19,6/12/19,6/12/19,0.673,2.94,1,4,4,gcrew_3,ambient,1,salt,2,
cm2,C4AS-4,corn,0,corn_modern,utk,5/22/19,6/12/19,6/12/19,1.237,1.37,1,4,5,gcrew_3,ambient,1,salt,2,
b4,217,blackwater,10,blackwater,nd,5/22/19,6/12/19,NA,0.689,2.49,1,4,6,gcrew_3,ambient,0,salt,2,
ka2,146,kirkpatrick,14,kirk_ancestral,nd,5/22/19,6/12/19,NA,2.205,1.68,1,4,7,gcrew_3,ambient,0,salt,2,
ca10,138,corn,16.75,corn_ancestral,nd,6/9/19,6/12/19,NA,1.635,2.2,1,4,8,gcrew_3,ambient,0,salt,2,
ca4,C4BH-11,corn,20.75,corn_ancestral,utk,6/19/19,6/26/19,6/12/19,1.066,1.17,2,4,1,gcrew_3,ambient,1,salt,3,
km2,KM1B1Q-5,kirkpatrick,0,kirk_modern,utk,5/22/19,6/12/19,NA,2.589,2.48,2,4,2,gcrew_3,ambient,0,salt,3,
cm8,127,corn,0,corn_modern,nd,6/10/19,6/12/19,6/12/19,0.6,1.95,3,4,3,gcrew_3,ambient,1,salt,3,
b1,219,blackwater,2,blackwater,nd,5/22/19,6/12/19,NA,0.799,2.89,2,4,4,gcrew_3,ambient,0,salt,3,
ca5,C4BI-5,corn,18.75,corn_ancestral,utk,6/10/19,6/12/19,NA,2.763,1.34,1,4,5,gcrew_3,ambient,0,salt,3,
cm1,C4AS-8,corn,0,corn_modern,utk,5/22/19,6/12/19,NA,2.355,2.83,1,4,6,gcrew_3,ambient,0,salt,3,
ca2,C4BI-7,corn,18.75,corn_ancestral,utk,5/22/19,6/12/19,6/26/19,1.068,1.51,2,4,7,gcrew_3,ambient,1,salt,3,
ka1,Flat 3 D2 MD1 18-20,kirkpatrick,18,kirk_ancestral,utk,5/22/19,6/12/19,NA,1.338,1.65,2,4,8,gcrew_3,ambient,0,salt,3,
cm4,C2AT-9,corn,0,corn_modern,utk,5/22/19,6/12/19,6/12/19,1.32,1.78,1,4,1,gcrew_3,ambient,1,salt,4,
cm8,127,corn,0,corn_modern,nd,5/22/19,6/12/19,6/12/19,0.614,2.01,2,4,2,gcrew_3,ambient,1,salt,4,
cm3,C4AS-7,corn,0,corn_modern,utk,6/9/19,6/12/19,NA,2.524,2.21,1,4,3,gcrew_3,ambient,0,salt,4,
km3,KM1B1Q-1,kirkpatrick,0,kirk_modern,utk,6/19/19,6/26/19,NA,2.6,1.58,1,4,4,gcrew_3,ambient,0,salt,4,
cm6,C4AS-5,corn,0,corn_modern,utk,5/22/19,6/12/19,NA,1.095,1.28,1,4,5,gcrew_3,ambient,0,salt,4,
b3,235,blackwater,8,blackwater,nd,5/22/19,6/12/19,NA,1.42,3.3,1,4,6,gcrew_3,ambient,0,salt,4,
ca4,C4BH-11,corn,20.75,corn_ancestral,utk,5/22/19,6/12/19,6/26/19,1.804,1.22,2,4,7,gcrew_3,ambient,1,salt,4,
ca2,C4BI-7,corn,18.75,corn_ancestral,utk,5/22/19,6/12/19,NA,1.129,0.98,2,4,8,gcrew_3,ambient,0,salt,4,
ca6,C4BH-3,corn,20.75,corn_ancestral,utk,5/22/19,6/17/19,6/17/19,1.449,2.01,1,4,1,gcrew_3,ambient,1,salt,5,
cm7,C4AS-13,corn,0,corn_modern,utk,5/22/19,6/17/19,6/17/19,2.604,1.75,2,4,2,gcrew_3,ambient,1,salt,5,
ca10,138,corn,16.75,corn_ancestral,nd,6/19/19,6/26/19,6/17/19,0.527,2.15,1,4,3,gcrew_3,ambient,1,salt,5,
km6,141,kirkpatrick,0,kirk_modern,nd,5/22/19,6/17/19,NA,0.439,1.84,1,4,4,gcrew_3,ambient,0,salt,5,
ca5,C4BI-5,corn,18.75,corn_ancestral,utk,6/9/19,6/17/19,NA,1.185,1.99,2,4,5,gcrew_3,ambient,0,salt,5,
ka4,153,kirkpatrick,20,kirk_ancestral,nd,5/22/19,6/17/19,NA,0.992,2.03,1,4,6,gcrew_3,ambient,0,salt,5,
cm3,C4AS-7,corn,0,corn_modern,utk,6/9/19,6/17/19,NA,1.253,1.13,1,4,7,gcrew_3,ambient,0,salt,5,
cm9,128,corn,0,corn_modern,nd,5/22/19,6/17/19,NA,0.87,4.25,1,4,8,gcrew_3,ambient,0,salt,5,
ca4,C4BH-11,corn,20.75,corn_ancestral,utk,6/19/19,6/26/19,6/17/19,0.841,1.72,1,4,1,gcrew_3,ambient,1,salt,6,
ca10,138,corn,16.75,corn_ancestral,nd,5/22/19,6/17/19,NA,0.87,1.97,2,4,2,gcrew_3,ambient,0,salt,6,
cm4,C2AT-9,corn,0,corn_modern,utk,6/9/19,6/17/19,6/17/19,0.721,1.43,1,4,3,gcrew_3,ambient,1,salt,6,
km1,KM1B1Q-3,kirkpatrick,0,kirk_modern,utk,6/9/19,6/17/19,NA,1.335,2.11,1,4,4,gcrew_3,ambient,0,salt,6,
cm4,C2AT-9,corn,0,corn_modern,utk,6/19/19,6/26/19,6/26/19,0.709,2.1,2,4,5,gcrew_3,ambient,1,salt,6,
ka5,156,kirkpatrick,20,kirk_ancestral,nd,5/22/19,6/17/19,NA,0.979,2.3,2,4,6,gcrew_3,ambient,0,salt,6,
ca1,C4BH-6,corn,20.75,corn_ancestral,utk,5/22/19,6/17/19,NA,0.442,1.33,1,4,7,gcrew_3,ambient,0,salt,6,
cm5,C4AS-2,corn,0,corn_modern,utk,5/22/19,6/17/19,NA,1.328,2.13,2,4,8,gcrew_3,ambient,0,salt,6,
cm4,C2AT-9,corn,0,corn_modern,utk,5/28/19,6/12/19,6/12/19,0.345,1.27,1,12,1,gcrew_4,elevated,1,salt,1,
ca6,C4BH-3,corn,20.75,corn_ancestral,utk,6/9/19,6/12/19,6/12/19,2.696,2.96,2,12,2,gcrew_4,elevated,1,salt,1,
ka2,146,kirkpatrick,14,kirk_ancestral,nd,6/9/19,6/12/19,6/12/19,1.857,1.65,1,12,3,gcrew_4,elevated,1,salt,1,ND
cm3,C4AS-7,corn,0,corn_modern,utk,6/9/19,6/12/19,NA,0.962,1.77,1,12,4,gcrew_4,elevated,0,salt,1,
cm7,C4AS-13,corn,0,corn_modern,utk,5/28/19,6/12/19,NA,0.2,1.04,1,12,5,gcrew_4,elevated,0,salt,1,
km3,KM1B1Q-1,kirkpatrick,0,kirk_modern,utk,6/19/19,6/26/19,NA,1.701,1.96,1,12,6,gcrew_4,elevated,0,salt,1,
b2,191,blackwater,10,blackwater,nd,6/19/19,6/26/19,NA,0.51,2.12,1,12,7,gcrew_4,elevated,0,salt,1,
ca2,C4BI-7,corn,18.75,corn_ancestral,utk,5/28/19,6/12/19,NA,2.996,2.08,2,12,8,gcrew_4,elevated,0,salt,1,
ca5,C4BI-5,corn,18.75,corn_ancestral,utk,6/9/19,6/12/19,NA,1.368,1.5,1,12,1,gcrew_4,elevated,0,salt,2,
cm10,139,corn,0,corn_modern,nd,6/19/19,6/26/19,NA,0.863,1.78,4,12,2,gcrew_4,elevated,0,salt,2,
cm5,C4AS-2,corn,0,corn_modern,utk,5/28/19,6/12/19,NA,0.988,1.58,2,12,3,gcrew_4,elevated,0,salt,2,
ca7,C4BH-7,corn,20.75,corn_ancestral,utk,5/28/19,6/12/19,6/12/19,1.564,1.89,1,12,4,gcrew_4,elevated,1,salt,2,
b2,191,blackwater,10,blackwater,nd,6/19/19,6/26/19,NA,0.777,2.86,1,12,5,gcrew_4,elevated,0,salt,2,
ca1,C4BH-6,corn,20.75,corn_ancestral,utk,5/28/19,6/12/19,6/12/19,0.43,1.18,1,12,6,gcrew_4,elevated,1,salt,2,
km2,KM1B1Q-5,kirkpatrick,0,kirk_modern,utk,6/9/19,6/12/19,NA,1.535,1.31,1,12,7,gcrew_4,elevated,0,salt,2,
ka1,Flat 3 D2 MD1 18-20,kirkpatrick,18,kirk_ancestral,utk,5/28/19,6/12/19,NA,0.693,1.61,1,12,8,gcrew_4,elevated,0,salt,2,
ca4,C4BH-11,corn,20.75,corn_ancestral,utk,6/19/19,6/26/19,6/12/19,0.387,1.98,2,12,1,gcrew_4,elevated,1,salt,3,
ka4,153,kirkpatrick,20,kirk_ancestral,nd,5/28/19,6/12/19,NA,0.679,1.87,2,12,2,gcrew_4,elevated,0,salt,3,
b3,235,blackwater,8,blackwater,nd,5/28/19,6/12/19,NA,0.915,2,2,12,3,gcrew_4,elevated,0,salt,3,
ca4,C4BH-11,corn,20.75,corn_ancestral,utk,5/28/19,6/12/19,NA,0.656,1.22,2,12,4,gcrew_4,elevated,0,salt,3,
ca10,138,corn,16.75,corn_ancestral,nd,6/19/19,6/26/19,NA,0.749,1.73,1,12,5,gcrew_4,elevated,0,salt,3,
cm8,127,corn,0,corn_modern,nd,5/28/19,6/12/19,NA,0.752,2.29,1,12,6,gcrew_4,elevated,0,salt,3,
cm2,C4AS-4,corn,0,corn_modern,utk,5/28/19,6/12/19,6/12/19,0.274,1.33,1,12,7,gcrew_4,elevated,1,salt,3,
cm9,128,corn,0,corn_modern,nd,5/28/19,6/12/19,6/12/19,0.724,3.78,1,12,8,gcrew_4,elevated,1,salt,3,
km1,KM1B1Q-3,kirkpatrick,0,kirk_modern,utk,5/28/19,6/12/19,NA,0.955,1.52,1,12,1,gcrew_4,elevated,0,salt,4,
ca3,C4BI-6,corn,18.75,corn_ancestral,utk,5/28/19,6/12/19,NA,0.415,1.94,1,12,2,gcrew_4,elevated,0,salt,4,
ca2,C4BI-7,corn,18.75,corn_ancestral,utk,5/28/19,6/12/19,6/12/19,1.163,1.29,1,12,3,gcrew_4,elevated,1,salt,4,
b2,191,blackwater,10,blackwater,nd,5/28/19,6/12/19,NA,1.445,3.48,2,12,4,gcrew_4,elevated,0,salt,4,
cm10,139,corn,0,corn_modern,nd,5/28/19,6/12/19,NA,0.804,1.83,1,12,5,gcrew_4,elevated,0,salt,4,
ca5,C4BI-5,corn,18.75,corn_ancestral,utk,5/28/19,6/12/19,6/12/19,1.188,2.19,1,12,6,gcrew_4,elevated,1,salt,4,
cm2,C4AS-4,corn,0,corn_modern,utk,5/28/19,6/12/19,NA,1.079,1.74,1,12,7,gcrew_4,elevated,0,salt,4,
cm5,C4AS-2,corn,0,corn_modern,utk,5/28/19,6/12/19,6/17/19,0.961,1.56,2,12,8,gcrew_4,elevated,1,salt,4,
cm6,C4AS-5,corn,0,corn_modern,utk,5/28/19,6/17/19,NA,1.967,1.86,1,12,1,gcrew_4,elevated,0,salt,5,
ca3,C4BI-6,corn,18.75,corn_ancestral,utk,6/9/19,6/17/19,NA,1.169,1.52,2,12,2,gcrew_4,elevated,0,salt,5,
cm1,C4AS-8,corn,0,corn_modern,utk,5/28/19,6/17/19,6/17/19,0.722,1.86,1,12,3,gcrew_4,elevated,1,salt,5,
km2,KM1B1Q-5,kirkpatrick,0,kirk_modern,utk,6/9/19,6/17/19,NA,3.327,1.93,1,12,4,gcrew_4,elevated,0,salt,5,
ca9,133,corn,14.25,corn_ancestral,nd,6/9/19,6/17/19,NA,1.675,3.45,1,12,5,gcrew_4,elevated,0,salt,5,
ca7,C4BH-7,corn,20.75,corn_ancestral,utk,6/9/19,6/17/19,6/17/19,0.845,1.46,1,12,6,gcrew_4,elevated,1,salt,5,
ka5,156,kirkpatrick,20,kirk_ancestral,nd,6/19/19,6/26/19,NA,0.859,2.35,1,12,7,gcrew_4,elevated,0,salt,5,
cm9,128,corn,0,corn_modern,nd,6/9/19,6/17/19,6/17/19,2.694,2.63,1,12,8,gcrew_4,elevated,1,salt,5,
b2,191,blackwater,10,blackwater,nd,6/19/19,6/26/19,NA,0.389,1.6,1,12,1,gcrew_4,elevated,0,salt,6,
cm7,C4AS-13,corn,0,corn_modern,utk,6/9/19,6/17/19,6/17/19,0.903,1.83,1,12,2,gcrew_4,elevated,1,salt,6,
cm10,139,corn,0,corn_modern,nd,5/28/19,6/17/19,NA,0.805,1.82,2,12,3,gcrew_4,elevated,0,salt,6,
cm4,C2AT-9,corn,0,corn_modern,utk,5/28/19,6/17/19,NA,0.977,1.58,1,12,4,gcrew_4,elevated,0,salt,6,
ca10,138,corn,16.75,corn_ancestral,nd,6/19/19,6/26/19,6/17/19,0.636,3.85,1,12,5,gcrew_4,elevated,1,salt,6,
ca4,C4BH-11,corn,20.75,corn_ancestral,utk,5/28/19,6/17/19,NA,0.882,1.83,2,12,6,gcrew_4,elevated,0,salt,6,
ca10,138,corn,16.75,corn_ancestral,nd,5/28/19,6/17/19,6/17/19,0.813,2.05,1,12,7,gcrew_4,elevated,1,salt,6,
ka3,143,kirkpatrick,14,kirk_ancestral,nd,6/9/19,6/17/19,NA,1.424,2.11,1,12,8,gcrew_4,elevated,0,salt,6,ND
cm8,127,corn,0,corn_modern,nd,5/28/19,6/12/19,NA,0.305,1.88,1,14,1,gcrew_5,elevated,0,salt,1,
ca7,C4BH-7,corn,20.75,corn_ancestral,utk,5/28/19,6/12/19,NA,0.948,1.69,1,14,2,gcrew_5,elevated,0,salt,1,
km6,141,kirkpatrick,0,kirk_modern,nd,5/28/19,6/12/19,NA,1.18,1.9,1,14,3,gcrew_5,elevated,0,salt,1,
cm10,139,corn,0,corn_modern,nd,5/28/19,6/12/19,NA,0.983,2.45,1,14,4,gcrew_5,elevated,0,salt,1,
cm6,C4AS-5,corn,0,corn_modern,utk,5/28/19,6/12/19,6/12/19,0.56,0.8,1,14,5,gcrew_5,elevated,1,salt,1,
ca3,C4BI-6,corn,18.75,corn_ancestral,utk,5/28/19,6/12/19,6/12/19,1.957,1.88,3,14,6,gcrew_5,elevated,1,salt,1,
ka5,156,kirkpatrick,20,kirk_ancestral,nd,5/28/19,6/12/19,NA,1.016,2.65,2,14,7,gcrew_5,elevated,0,salt,1,
ca4,C4BH-11,corn,20.75,corn_ancestral,utk,6/19/19,6/26/19,6/12/19,0.758,0.88,1,14,8,gcrew_5,elevated,1,salt,1,
ca10,138,corn,16.75,corn_ancestral,nd,5/28/19,6/12/19,NA,1.126,3.14,1,14,1,gcrew_5,elevated,0,salt,2,
km5,159,kirkpatrick,extant,kirk_modern,nd,6/9/19,6/12/19,NA,2.187,2.52,1,14,2,gcrew_5,elevated,0,salt,2,
cm7,C4AS-13,corn,0,corn_modern,utk,5/28/19,6/12/19,NA,0.211,1.22,1,14,3,gcrew_5,elevated,0,salt,2,
ca4,C4BH-11,corn,20.75,corn_ancestral,utk,5/28/19,6/12/19,NA,0.521,1.53,2,14,4,gcrew_5,elevated,0,salt,2,
cm8,127,corn,0,corn_modern,nd,6/9/19,6/12/19,6/26/19,2.313,2.36,2,14,5,gcrew_5,elevated,1,salt,2,
ka6,Flat 3 B5 MD2 16-18,kirkpatrick,16,kirk_ancestral,utk,6/10/19,6/12/19,NA,1.751,1.76,1,14,6,gcrew_5,elevated,0,salt,2,
ca8,130,corn,15,corn_ancestral,nd,5/28/19,6/12/19,6/12/19,1.323,2.92,2,14,7,gcrew_5,elevated,1,salt,2,
cm4,C2AT-9,corn,0,corn_modern,utk,5/28/19,6/12/19,6/12/19,0.471,1.6,1,14,8,gcrew_5,elevated,1,salt,2,
km6,141,kirkpatrick,0,kirk_modern,nd,6/9/19,6/12/19,NA,1.545,1.94,1,14,1,gcrew_5,elevated,0,salt,3,
b2,191,blackwater,10,blackwater,nd,5/28/19,6/12/19,NA,0.31,2.36,1,14,2,gcrew_5,elevated,0,salt,3,
ca1,C4BH-6,corn,20.75,corn_ancestral,utk,5/28/19,6/12/19,6/12/19,1.09,2.17,2,14,3,gcrew_5,elevated,1,salt,3,
ka6,Flat 3 B5 MD2 16-18,kirkpatrick,16,kirk_ancestral,utk,6/19/19,6/26/19,NA,0.473,1.99,2,14,4,gcrew_5,elevated,0,salt,3,
cm4,C2AT-9,corn,0,corn_modern,utk,5/28/19,6/12/19,NA,1.964,2.37,2,14,5,gcrew_5,elevated,0,salt,3,
cm4,C2AT-9,corn,0,corn_modern,utk,6/19/19,6/26/19,6/12/19,0.449,1.15,2,14,6,gcrew_5,elevated,1,salt,3,
ca5,C4BI-5,corn,18.75,corn_ancestral,utk,5/28/19,6/12/19,NA,1.723,1.94,1,14,7,gcrew_5,elevated,0,salt,3,
ca2,C4BI-7,corn,18.75,corn_ancestral,utk,5/28/19,6/12/19,6/12/19,2.078,2.18,1,14,8,gcrew_5,elevated,1,salt,3,
cm1,C4AS-8,corn,0,corn_modern,utk,5/28/19,6/12/19,NA,0.657,1.07,1,14,1,gcrew_5,elevated,0,salt,4,
ca6,C4BH-3,corn,20.75,corn_ancestral,utk,5/28/19,6/12/19,6/12/19,0.699,1.51,2,14,2,gcrew_5,elevated,1,salt,4,
ca10,138,corn,16.75,corn_ancestral,nd,6/19/19,6/26/19,NA,1.014,1.85,1,14,3,gcrew_5,elevated,0,salt,4,
ka2,146,kirkpatrick,14,kirk_ancestral,nd,5/28/19,6/12/19,NA,2.013,1.87,1,14,4,gcrew_5,elevated,0,salt,4,ND
km3,KM1B1Q-1,kirkpatrick,0,kirk_modern,utk,6/19/19,6/26/19,NA,1.366,0.7,1,14,5,gcrew_5,elevated,0,salt,4,
cm10,139,corn,0,corn_modern,nd,6/19/19,6/26/19,6/12/19,0.461,2.75,2,14,6,gcrew_5,elevated,1,salt,4,
cm7,C4AS-13,corn,0,corn_modern,utk,6/10/19,6/12/19,NA,0.882,1.54,2,14,7,gcrew_5,elevated,0,salt,4,
ca4,C4BH-11,corn,20.75,corn_ancestral,utk,5/28/19,6/12/19,NA,1.386,1.25,1,14,8,gcrew_5,elevated,0,salt,4,
km3,KM1B1Q-1,kirkpatrick,0,kirk_modern,utk,6/9/19,6/17/19,NA,2.448,1.96,1,14,1,gcrew_5,elevated,0,salt,5,
ca5,C4BI-5,corn,18.75,corn_ancestral,utk,6/9/19,6/17/19,NA,1.148,1.28,1,14,2,gcrew_5,elevated,0,salt,5,
cm3,C4AS-7,corn,0,corn_modern,utk,5/28/19,6/17/19,NA,0.979,1.7,1,14,3,gcrew_5,elevated,0,salt,5,
cm4,C2AT-9,corn,0,corn_modern,utk,6/19/19,6/26/19,6/17/19,0.767,1.93,1,14,4,gcrew_5,elevated,1,salt,5,
cm10,139,corn,0,corn_modern,nd,5/28/19,6/17/19,NA,0.692,1.64,1,14,5,gcrew_5,elevated,0,salt,5,
ca1,C4BH-6,corn,20.75,corn_ancestral,utk,5/28/19,6/17/19,6/17/19,0.412,2.45,1,14,6,gcrew_5,elevated,1,salt,5,
ca10,138,corn,16.75,corn_ancestral,nd,5/28/19,6/17/19,6/17/19,1.039,3.2,1,14,7,gcrew_5,elevated,1,salt,5,
b3,235,blackwater,8,blackwater,nd,5/28/19,6/17/19,NA,0.678,2.68,1,14,8,gcrew_5,elevated,0,salt,5,
cm6,C4AS-5,corn,0,corn_modern,utk,5/28/19,6/17/19,NA,0.522,1.14,1,14,1,gcrew_5,elevated,0,salt,6,
ka4,153,kirkpatrick,20,kirk_ancestral,nd,5/28/19,6/17/19,NA,0.422,1.78,1,14,2,gcrew_5,elevated,0,salt,6,
cm10,139,corn,0,corn_modern,nd,6/19/19,6/26/19,6/17/19,0.735,2.24,3,14,3,gcrew_5,elevated,1,salt,6,
ca4,C4BH-11,corn,20.75,corn_ancestral,utk,6/19/19,6/26/19,NA,1.01,1.57,1,14,4,gcrew_5,elevated,0,salt,6,
cm3,C4AS-7,corn,0,corn_modern,utk,5/28/19,6/17/19,6/17/19,1.895,1.88,1,14,5,gcrew_5,elevated,1,salt,6,
b1,219,blackwater,2,blackwater,nd,6/9/19,6/17/19,NA,1.674,2.16,1,14,6,gcrew_5,elevated,0,salt,6,
ca3,C4BI-6,corn,18.75,corn_ancestral,utk,6/9/19,6/17/19,NA,2.941,2.13,1,14,7,gcrew_5,elevated,0,salt,6,
ca6,C4BH-3,corn,20.75,corn_ancestral,utk,5/28/19,6/17/19,6/17/19,2.191,1.72,1,14,8,gcrew_5,elevated,1,salt,6,
km3,KM1B1Q-1,kirkpatrick,0,kirk_modern,utk,5/28/19,6/12/19,NA,1.339,1.68,1,8,1,gcrew_6,ambient,0,salt,1,
cm10,139,corn,0,corn_modern,nd,5/28/19,6/12/19,NA,0.804,2.04,1,8,2,gcrew_6,ambient,0,salt,1,
cm1,C4AS-8,corn,0,corn_modern,utk,5/28/19,6/12/19,6/12/19,1.39,2.07,1,8,3,gcrew_6,ambient,1,salt,1,
b2,191,blackwater,10,blackwater,nd,5/28/19,6/12/19,NA,0.552,1.65,1,8,4,gcrew_6,ambient,0,salt,1,
cm4,C2AT-9,corn,0,corn_modern,utk,6/19/19,6/26/19,6/12/19,0.711,1.6,1,8,5,gcrew_6,ambient,1,salt,1,
ca4,C4BH-11,corn,20.75,corn_ancestral,utk,6/19/19,6/26/19,6/12/19,0.473,1.68,1,8,6,gcrew_6,ambient,1,salt,1,
ka5,156,kirkpatrick,20,kirk_ancestral,nd,6/19/19,6/26/19,NA,0.484,2.06,2,8,7,gcrew_6,ambient,0,salt,1,
ca6,C4BH-3,corn,20.75,corn_ancestral,utk,5/28/19,6/12/19,NA,1.205,2.28,2,8,8,gcrew_6,ambient,0,salt,1,
ca7,C4BH-7,corn,20.75,corn_ancestral,utk,5/28/19,6/12/19,6/12/19,1.76,1.53,1,8,1,gcrew_6,ambient,1,salt,2,
cm4,C2AT-9,corn,0,corn_modern,utk,5/28/19,6/12/19,NA,1.062,1.05,1,8,2,gcrew_6,ambient,0,salt,2,
ca10,138,corn,16.75,corn_ancestral,nd,5/28/19,6/12/19,NA,1.151,2.91,1,8,3,gcrew_6,ambient,0,salt,2,
ka5,156,kirkpatrick,20,kirk_ancestral,nd,5/28/19,6/12/19,NA,1.963,2.79,1,8,4,gcrew_6,ambient,0,salt,2,
km4,155,kirkpatrick,extant,kirk_modern,nd,6/9/19,6/12/19,NA,1.376,2.34,1,8,5,gcrew_6,ambient,0,salt,2,
cm3,C4AS-7,corn,0,corn_modern,utk,5/28/19,6/12/19,6/12/19,0.419,2.28,1,8,6,gcrew_6,ambient,1,salt,2,
ca4,C4BH-11,corn,20.75,corn_ancestral,utk,5/28/19,6/12/19,NA,0.369,1.17,1,8,7,gcrew_6,ambient,0,salt,2,
cm5,C4AS-2,corn,0,corn_modern,utk,5/28/19,6/12/19,6/12/19,0.51,1.22,1,8,8,gcrew_6,ambient,1,salt,2,
km1,KM1B1Q-3,kirkpatrick,0,kirk_modern,utk,6/9/19,6/12/19,NA,0.806,2.06,1,8,1,gcrew_6,ambient,0,salt,3,
cm7,C4AS-13,corn,0,corn_modern,utk,5/28/19,6/12/19,NA,0.482,0.83,1,8,2,gcrew_6,ambient,0,salt,3,
cm5,C4AS-2,corn,0,corn_modern,utk,5/28/19,6/12/19,6/12/19,0.743,1.26,1,8,3,gcrew_6,ambient,1,salt,3,
ca3,C4BI-6,corn,18.75,corn_ancestral,utk,5/28/19,6/12/19,6/12/19,1.859,2.09,1,8,4,gcrew_6,ambient,1,salt,3,
ca9,133,corn,14.25,corn_ancestral,nd,6/9/19,6/12/19,6/12/19,1.916,2.41,1,8,5,gcrew_6,ambient,1,salt,3,
cm4,C2AT-9,corn,0,corn_modern,utk,5/28/19,6/12/19,NA,0.753,1.78,1,8,6,gcrew_6,ambient,0,salt,3,
ca6,C4BH-3,corn,20.75,corn_ancestral,utk,5/28/19,6/12/19,NA,1.259,1.86,1,8,7,gcrew_6,ambient,0,salt,3,
ka4,153,kirkpatrick,20,kirk_ancestral,nd,5/28/19,6/12/19,NA,1.35,1.52,2,8,8,gcrew_6,ambient,0,salt,3,
cm3,C4AS-7,corn,0,corn_modern,utk,6/9/19,6/12/19,6/12/19,0.784,1.18,2,8,1,gcrew_6,ambient,1,salt,4,
cm6,C4AS-5,corn,0,corn_modern,utk,5/28/19,6/12/19,NA,1.057,1.17,1,8,2,gcrew_6,ambient,0,salt,4,
cm2,C4AS-4,corn,0,corn_modern,utk,5/28/19,6/12/19,6/12/19,1.299,1.67,1,8,3,gcrew_6,ambient,1,salt,4,
b4,217,blackwater,10,blackwater,nd,5/28/19,6/12/19,NA,0.5,2.99,1,8,4,gcrew_6,ambient,0,salt,4,
ca5,C4BI-5,corn,18.75,corn_ancestral,utk,6/9/19,6/12/19,6/12/19,1.723,1.81,1,8,5,gcrew_6,ambient,1,salt,4,
ca1,C4BH-6,corn,20.75,corn_ancestral,utk,5/28/19,6/12/19,NA,0.39,1.44,1,8,6,gcrew_6,ambient,0,salt,4,
km6,141,kirkpatrick,0,kirk_modern,nd,6/9/19,6/12/19,NA,1.362,1.95,1,8,7,gcrew_6,ambient,0,salt,4,
ca10,138,corn,16.75,corn_ancestral,nd,5/28/19,6/12/19,NA,1.152,3.49,1,8,8,gcrew_6,ambient,0,salt,4,
km2,KM1B1Q-5,kirkpatrick,0,kirk_modern,utk,5/28/19,6/17/19,NA,1.685,0.99,1,8,1,gcrew_6,ambient,0,salt,5,
ca1,C4BH-6,corn,20.75,corn_ancestral,utk,5/28/19,6/17/19,6/17/19,0.74,1.47,1,8,2,gcrew_6,ambient,1,salt,5,
cm6,C4AS-5,corn,0,corn_modern,utk,5/28/19,6/17/19,NA,1.09,1.42,2,8,3,gcrew_6,ambient,0,salt,5,
cm3,C4AS-7,corn,0,corn_modern,utk,5/28/19,6/17/19,NA,0.639,1.25,1,8,4,gcrew_6,ambient,0,salt,5,
ca7,C4BH-7,corn,20.75,corn_ancestral,utk,5/28/19,6/17/19,6/17/19,1.711,1.73,1,8,5,gcrew_6,ambient,1,salt,5,
cm5,C4AS-2,corn,0,corn_modern,utk,5/28/19,6/17/19,6/17/19,1.282,1.3,1,8,6,gcrew_6,ambient,1,salt,5,
ka6,Flat 3 B5 MD2 16-18,kirkpatrick,16,kirk_ancestral,utk,5/28/19,6/17/19,NA,2.333,1.93,2,8,1,gcrew_6,ambient,0,salt,6,
ca8,130,corn,15,corn_ancestral,nd,6/9/19,6/17/19,NA,0.574,2.13,3,8,2,gcrew_6,ambient,0,salt,6,
b3,235,blackwater,8,blackwater,nd,5/28/19,6/17/19,NA,0.289,1.38,1,8,3,gcrew_6,ambient,0,salt,6,
cm2,C4AS-4,corn,0,corn_modern,utk,5/28/19,6/17/19,6/26/19,0.329,1.51,1,8,4,gcrew_6,ambient,1,salt,6,
cm9,128,corn,0,corn_modern,nd,5/28/19,6/17/19,NA,0.885,3.16,1,8,5,gcrew_6,ambient,0,salt,6,
ca3,C4BI-6,corn,18.75,corn_ancestral,utk,5/28/19,6/17/19,NA,1.571,1.43,1,8,6,gcrew_6,ambient,0,salt,6,
km5,159,kirkpatrick,extant,kirk_modern,nd,5/28/19,6/17/19,NA,0.545,1.81,1,8,7,gcrew_6,ambient,0,salt,6,
ca5,C4BI-5,corn,18.75,corn_ancestral,utk,6/9/19,6/17/19,6/17/19,0.818,1.64,1,8,8,gcrew_6,ambient,1,salt,6,
ca10,138,corn,16.75,corn_ancestral,nd,5/27/19,6/12/19,NA,0.371,2.03,2,6,1,gcrew_7,ambient,0,salt,1,
cm3,C4AS-7,corn,0,corn_modern,utk,6/9/19,6/12/19,6/12/19,0.738,1.54,1,6,2,gcrew_7,ambient,1,salt,1,
cm4,C2AT-9,corn,0,corn_modern,utk,5/27/19,6/12/19,NA,0.239,1.09,1,6,3,gcrew_7,ambient,0,salt,1,
km1,KM1B1Q-3,kirkpatrick,0,kirk_modern,utk,5/27/19,6/12/19,NA,1.664,1.75,1,6,4,gcrew_7,ambient,0,salt,1,
ca7,C4BH-7,corn,20.75,corn_ancestral,utk,5/27/19,6/12/19,6/12/19,0.454,1.54,1,6,5,gcrew_7,ambient,1,salt,1,
b2,191,blackwater,10,blackwater,nd,6/19/19,6/26/19,NA,0.376,2.01,1,6,6,gcrew_7,ambient,0,salt,1,
ca5,C4BI-5,corn,18.75,corn_ancestral,utk,5/27/19,6/12/19,NA,1.624,1.25,1,6,7,gcrew_7,ambient,0,salt,1,
b1,219,blackwater,2,blackwater,nd,5/27/19,6/12/19,NA,0.478,1.64,2,6,8,gcrew_7,ambient,0,salt,1,
b3,235,blackwater,8,blackwater,nd,5/27/19,6/12/19,NA,0.546,1.79,1,6,1,gcrew_7,ambient,0,salt,2,
cm1,C4AS-8,corn,0,corn_modern,utk,5/27/19,6/12/19,NA,1.346,2.73,1,6,2,gcrew_7,ambient,0,salt,2,
ca6,C4BH-3,corn,20.75,corn_ancestral,utk,5/27/19,6/12/19,NA,0.647,2.55,2,6,3,gcrew_7,ambient,0,salt,2,
cm7,C4AS-13,corn,0,corn_modern,utk,5/27/19,6/12/19,NA,1.19,0.9,2,6,4,gcrew_7,ambient,0,salt,2,
ca3,C4BI-6,corn,18.75,corn_ancestral,utk,5/27/19,6/12/19,6/12/19,1.134,1.26,1,6,5,gcrew_7,ambient,1,salt,2,
km2,KM1B1Q-5,kirkpatrick,0,kirk_modern,utk,5/27/19,6/12/19,NA,0.348,1.46,1,6,6,gcrew_7,ambient,0,salt,2,
cm10,139,corn,0,corn_modern,nd,5/27/19,6/12/19,6/12/19,0.771,3.31,1,6,7,gcrew_7,ambient,1,salt,2,
ca9,133,corn,14.25,corn_ancestral,nd,6/9/19,6/12/19,6/12/19,1.914,2.71,1,6,8,gcrew_7,ambient,1,salt,2,
b4,217,blackwater,10,blackwater,nd,5/27/19,6/12/19,NA,0.689,2.62,1,6,1,gcrew_7,ambient,0,salt,3,
cm2,C4AS-4,corn,0,corn_modern,utk,5/27/19,6/12/19,6/12/19,0.299,1.15,1,6,2,gcrew_7,ambient,1,salt,3,
cm5,C4AS-2,corn,0,corn_modern,utk,6/9/19,6/12/19,NA,0.537,1.03,1,6,3,gcrew_7,ambient,0,salt,3,
km5,159,kirkpatrick,extant,kirk_modern,nd,5/27/19,6/12/19,NA,0.815,2.33,1,6,4,gcrew_7,ambient,0,salt,3,
cm9,128,corn,0,corn_modern,nd,5/27/19,6/12/19,6/12/19,1.027,4.26,1,6,5,gcrew_7,ambient,1,salt,3,
ca7,C4BH-7,corn,20.75,corn_ancestral,utk,5/27/19,6/12/19,NA,1,1.97,1,6,6,gcrew_7,ambient,0,salt,3,
ka2,146,kirkpatrick,14,kirk_ancestral,nd,6/9/19,6/12/19,NA,1.162,1.49,1,6,7,gcrew_7,ambient,0,salt,3,ND
ca4,C4BH-11,corn,20.75,corn_ancestral,utk,5/27/19,6/12/19,6/12/19,0.556,0.92,1,6,8,gcrew_7,ambient,1,salt,3,
ca6,C4BH-3,corn,20.75,corn_ancestral,utk,5/27/19,6/12/19,NA,1.677,1.55,1,6,1,gcrew_7,ambient,0,salt,4,
ca4,C4BH-11,corn,20.75,corn_ancestral,utk,6/19/19,6/26/19,6/12/19,1.477,1.5,1,6,2,gcrew_7,ambient,1,salt,4,
cm5,C4AS-2,corn,0,corn_modern,utk,5/27/19,6/12/19,NA,0.654,1.14,1,6,3,gcrew_7,ambient,0,salt,4,
cm6,C4AS-5,corn,0,corn_modern,utk,5/27/19,6/12/19,6/12/19,0.423,1.26,1,6,4,gcrew_7,ambient,1,salt,4,
ca8,130,corn,15,corn_ancestral,nd,6/9/19,6/12/19,6/12/19,1.593,2.91,2,6,5,gcrew_7,ambient,1,salt,4,
km3,KM1B1Q-1,kirkpatrick,0,kirk_modern,utk,5/27/19,6/12/19,NA,2.314,2.83,1,6,6,gcrew_7,ambient,0,salt,4,
cm9,128,corn,0,corn_modern,nd,5/27/19,6/12/19,NA,0.772,2.91,1,6,7,gcrew_7,ambient,0,salt,4,
ka4,153,kirkpatrick,20,kirk_ancestral,nd,5/27/19,6/12/19,NA,0.3,1.48,1,6,8,gcrew_7,ambient,0,salt,4,
ca10,138,corn,16.75,corn_ancestral,nd,6/19/19,6/26/19,NA,0.746,3.27,1,6,1,gcrew_7,ambient,0,salt,5,
ka6,Flat 3 B5 MD2 16-18,kirkpatrick,16,kirk_ancestral,utk,6/9/19,6/17/19,NA,2.44,1.76,2,6,2,gcrew_7,ambient,0,salt,5,
cm2,C4AS-4,corn,0,corn_modern,utk,5/27/19,6/17/19,6/17/19,0.76,1.61,2,6,3,gcrew_7,ambient,1,salt,5,
b2,191,blackwater,10,blackwater,nd,5/27/19,6/17/19,NA,1.054,4.17,1,6,4,gcrew_7,ambient,0,salt,5,
cm10,139,corn,0,corn_modern,nd,5/27/19,6/17/19,NA,1.296,1.44,1,6,5,gcrew_7,ambient,0,salt,5,
cm4,C2AT-9,corn,0,corn_modern,utk,6/9/19,6/17/19,6/17/19,1.691,1.5,1,6,6,gcrew_7,ambient,1,salt,5,
ca6,C4BH-3,corn,20.75,corn_ancestral,utk,5/27/19,6/17/19,6/17/19,1.401,2.25,1,6,7,gcrew_7,ambient,1,salt,5,
ca4,C4BH-11,corn,20.75,corn_ancestral,utk,5/27/19,6/17/19,NA,0.936,1.78,1,6,8,gcrew_7,ambient,0,salt,5,
cm8,127,corn,0,corn_modern,nd,5/27/19,6/17/19,6/17/19,1.281,3.6,1,6,1,gcrew_7,ambient,1,salt,6,
cm10,139,corn,0,corn_modern,nd,5/27/19,6/17/19,NA,0.569,1.08,2,6,2,gcrew_7,ambient,0,salt,6,
cm1,C4AS-8,corn,0,corn_modern,utk,5/27/19,6/17/19,NA,0.525,1.19,1,6,3,gcrew_7,ambient,0,salt,6,
ca7,C4BH-7,corn,20.75,corn_ancestral,utk,5/27/19,6/17/19,NA,0.91,1.68,1,6,4,gcrew_7,ambient,0,salt,6,
ca10,138,corn,16.75,corn_ancestral,nd,6/19/19,6/26/19,6/26/19,0.881,2.35,1,6,5,gcrew_7,ambient,1,salt,6,
ca2,C4BI-7,corn,18.75,corn_ancestral,utk,5/27/19,6/17/19,6/17/19,1.744,1.23,1,6,6,gcrew_7,ambient,1,salt,6,
ka3,14-16D,kirkpatrick,14,kirk_ancestral,utk,5/27/19,6/17/19,NA,2.169,1.95,1,6,7,gcrew_7,ambient,0,salt,6,UTK
km5,159,kirkpatrick,extant,kirk_modern,nd,6/19/19,6/26/19,NA,0.751,2.05,2,6,8,gcrew_7,ambient,0,salt,6,